naziv,stanje,cena
Lezaj 619/2  ZZ,20,
Lezaj kugl. 2201 2RS,2,
Lezaj kugl. 2202 2RS,2,
Lezaj kugl. 2203 2RS,2,
Lezaj kugl. 2204 2RS,2,
Lezaj kugl. 2205 2RS,2,
Lezaj kugl. 2209 2RS,2,
Lezaj kugl. 3210 2RS,2,
Lezaj kugl. 6016 2RS,2,
Lezaj kugl. 6018 2RS,2,
Lezaj 6300 ZZ    ,25,
Lezaj  UCP 204,2,
Lezaj UCP 205  FHY,2,
Lezaj UCP 206,2,
Lezaj UCP 209,2,
UCF 204 : WBF,17,
Lezaj UCF 206,2,
Lezaj UCF 209,2,
Lezaj UCFL 204 wbf,3,
Lezaj UCFL 205,4,
Lezaj SL 11.,1,
Lezaj SL 13.,3,
Lezaj valjk.NU 2206 E,1,
Lezaj igl. NK 10/12 -,3,
Lezaj 108 TVH FAG,10,1080
Lezaj 127 TVH FAG,7,1090
Lezaj 129 TVH FAG,30,1150
Lezaj 1200 TVH FAG,25,1160
Lezaj 1201         ,2,
Lezaj 1201 TVH FAG,16,1240
Lezaj 1202 gpz        ,2,
Lezaj 1202 -         ,1,330
Lezaj 1202 TVH FAG,22,1290
Lezaj 1203         ,2,
Lezaj 1203 TVH FAG,17,1290
Lezaj 1204     ,4,
Lezaj 1204 TVH FAG,17,1290
Lezaj 1204 K wbf,2,260
Lezaj 1205         ,4,
Lezaj 1205 TVH FAG,18,1330
Lezaj 1205 TVH C3 FAG,4,1330
Lezaj 1205 KTVH FAG,3,1330
Lezaj 1206         ,2,560
Lezaj 1206 TVH FAG,19,1440
Lezaj 1206 K urb      ,5,545
Lezaj 1207         ,2,
Lezaj 1207 TVH FAG,18,1762
Lezaj 1207 KTVHC3 FAG,8,1762
Lezaj 1208         ,2,350
Lezaj 1208 TVH FAG,30,2070
Lezaj 1208 K     ,1,910
Lezaj 1208 KTVH C3 FAG,12,2070
Lezaj 1209 gpz        ,6,900
Lezaj 1209 wbf        ,18,420
Lezaj 1209 TVH FAG,14,2250
Lezaj 1209 KTVH FAG,3,2250
Lezaj 1210 gpz         ,2,945
Lezaj 1210 TVH FAG,24,2600
Lezaj 1210 KTVH FAG,1,2600
Lezaj 1211 TVH FAG,12,3220
Lezaj 1212 TVH FAG,10,3800
Lezaj 1213 -        ,28,1221
Lezaj 1213 TVH FAG,10,4660
Lezaj 1213 K gpz      ,3,1445
Lezaj 1214 gpz       ,20,1014
Lezaj 1214 urb         ,1,1478
Lezaj 1214 TVH FAG,4,5200
Lezaj 1214 C gpz,4,1014
Lezaj 1214 K gpz      ,1,1277
Lezaj 1215 TVH FAG,5,5910
Lezaj 1215 ,1,2554
Lezaj 1215 K -     ,11,1702
Lezaj 1215 KTVH C3 FAG,4,5910
Lezaj 1216 TVH FAG,6,6980
Lezaj 1216 K -,9,1994
Lezaj 1217 TVH FAG,2,8740
Lezaj 1218 gpz        ,3,2980
Lezaj 1218 TVH FAG,2,10350
Lezaj 1218 K gpz       ,1,3093
Lezaj 1218 K -,3,3093
Lezaj 1218 KH gpz     ,1,3893
Lezaj 1219 K gpz       ,3,2724
Lezaj 1221         ,2,3863
Lezaj 1222 zkl        ,2,4473
Lezaj 1222 K gpz,2,4473
Lezaj 1222 KH +      ,3,7206
Lezaj 1224 gpz        ,3,9798
Lezaj 1224 K gpz      ,1,9580
Lezaj 1300 gpz        ,23,236
Lezaj 1301 gpz         ,10,242
Lezaj 1301 TVH fag   ,8,2190
Lezaj 1302 gpz,1,358
Lezaj 1302 TVH FAG,13,1500
Lezaj 1303         ,2,
Lezaj 1303 tkf   ,1,386
Lezaj 1303 TVH FAG    ,3,1630
Lezaj 1304 ,3,
Lezaj 1304 TVH FAG  ,2,1600
Lezaj 1305 wbf,5,347
Lezaj 1305 gpz,23,493
Lezaj 1305 TVH FAG,7,1860
Lezaj 1306 TVH FAG,17,2300
Lezaj 1306 K -,5,610
Lezaj 1306 KH gpz     ,12,881
Lezaj 1306 KH -      ,4,986
Lezaj 1307 TVH FAG,23,2670
Lezaj 1307 K -,3,739
Lezaj 1307 KTVH C3 FAG,11,2670
Lezaj 1308 TVH FAG,21,3250
Lezaj 1309 gpz        ,3,1189
Lezaj 1309 TVH FAG,10,4000
Lezaj 1310         ,1,939
Lezaj 1310 wbf        ,4,1366
Lezaj 1310 TVH FAG,6,4990
Lezaj 1310 KH      ,1,1814
Lezaj 1311 K gpz        ,1,1082
Lezaj 1311 gpz urb wbf        ,7,1579
Lezaj 1311 TVH FAG,2,5950
"Lezaj 1312 MGM,GPZ,NN",15,1854
Lezaj 1312 TVH FAG,3,7480
"Lezaj 1312 K ZKL,URB,GPZ ",11,1960
Lezaj 1312 KH       ,3,2070
"Lezaj 1313 GPZ,URB      ",22,2099
Lezaj 1313 TVH FAG,3,9350
Lezaj 1313 K gpz,4,2206
Lezaj 1315 K-     ,2,3044
Lezaj 1315 K   ,1,3044
Lezaj 1316 urb       ,7,3435
Lezaj 1316 +,2,3435
Lezaj 1316 K -,6,6978
Lezaj 1320 K       ,1,15860
Lezaj 1320 K -        ,1,15859
Lezaj 11205 TVH FAG,5,2700
Lezaj 11206 TVH FAG,10,3100
Lezaj 11207 TVH FAG,8,3900
Lezaj 2200         ,1,
Lezaj 2200 2RS TVH FAG     ,7,1550
Lezaj 2201         ,1,753
Lezaj 2201 TVH FAG,8,1500
Lezaj 2202 TVH FAG,8,1450
Lezaj 2202 2RS TVH FAG,11,1610
Lezaj 2203 TVH FAG,18,1500
Lezaj 2204 FAG,2,1520
Lezaj 2204 2RS TVH FAG,23,1850
Lezaj 2205         ,4,296
Lezaj 2205 TVH FAG,17,1730
Lezaj 2205 2RS TVH FAG,10,1960
Lezaj 2205 K mgm     ,1,328
Lezaj 2206 harp         ,3,730
Lezaj 2206 TVH FAG,16,1860
Lezaj 2206 2RS TVH FAG,12,2260
"Lezaj 2207 cx, gpz     ",3,398
Lezaj 2207 TVH FAG,14,2240
Lezaj 2207 2RS TVH FAG ,12,2710
Lezaj 2207 K mgm      ,2,750
Lezaj 2207 K TVH FAG,5,2240
Lezaj 2207 KH -      ,2,1042
Lezaj 2208         ,7,790
Lezaj 2208 -,3,
Lezaj 2208 TVH FAG,23,2550
Lezaj 2208 2RS       ,1,
Lezaj 2208 2RS TVH FAG,6,3220
Lezaj 2208 K + flt      ,3,633
Lezaj 2209 FLT,7,544
"Lezaj 2209 GPZ,IKL",10,790
Lezaj 2209 TVH FAG,14,2990
Lezaj 2209 K TVH C3 FAG,2,2990
Lezaj 2210         ,2,
Lezaj 2210 TVH FAG,15,3340
Lezaj 2210 2RS         ,1,
Lezaj 2210 2RS TVH FAG,4,4080
Lezaj 2210 K,1,
Lezaj 2211 FLT,5,1259
Lezaj 2211 TVH FAG,15,4080
Lezaj 2211 MGM,3,2120
Lezaj 2211 2RS,4,
Lezaj 2211 2RS TVH FAG,1,
Lezaj 2211 KTVH C3 FAG,4,4080
"Lezaj 2212 flt, mgm      ",26,1523
Lezaj 2212 TVH FAG,6,4980
Lezaj 2212 2RS TVH FAG ,1,6080
Lezaj 2212 K flt,8,1618
Lezaj 2213 -         ,1,1725
Lezaj 2213 TVH FAG,6,6120
Lezaj 2213-,2,2710
"Lezaj 2213 K MGM,ZKL",1,1809
Lezaj 2214 mgm,12,1774
"Lezaj 2216 GPZ,ZKL     ",13,4368
Lezaj 2216-        ,1,4368
Lezaj 2216 K zkl,1,4368
Lezaj 2217 gpz         ,4,5040
Lezaj 2218 K gpz,5,5600
Lezaj 2218  gpz,1,8400
Lezaj 2219 K zkl,1,8736
Lezaj 2220 K zkl      ,1,8010
Lezaj 2302 2RS TVH FAG,45,2550
Lezaj 2303 FAG,9,
Lezaj 2303 2RS TVH FAG,6,2530
Lezaj 2304 FAG,13,2100
"Lezaj 2305 urb,mgm,gpz",20,688
Lezaj 2305 TVH FAG,8,2610
"Lezaj 2305 K zps,ddr,wbf",9,670
Lezaj 2306 zkl        ,3,1480
Lezaj 2306 TVH FAG,8,3270
Lezaj 2306 + mgm,2,531
Lezaj 2307 flt         ,2,647
Lezaj 2307 mgm         ,4,944
Lezaj 2307 TVH FAG,10,3790
Lezaj 2307 2RS TVH FAG,5,4650
Lezaj 2308 nn       ,8,1232
Lezaj 2308 TVH FAG,7,4500
"Lezaj 2308 gpz,zkl",2,1848
Lezaj 2309 gpz        ,1,1900
Lezaj 2309 TVH FAG,1,5610
Lezaj 2310 gpz,5,1837
Lezaj 2310 TVH FAG,10,7480
Lezaj 2310 KTVH C3 FAG,5,7480
"Lezaj 2311 gpz, mgm        ",11,3040
Lezaj 2311 TVH FAG,9,9500
Lezaj 2311 K gpz      ,3,3040
Lezaj 2312 gpz ,6,3909
Lezaj 2312 TVH FAG,2,11710
Lezaj 2312 -gpz,1,4301
Lezaj 2312 K gpz,3,3909
Lezaj 2313 gpz        ,7,4497
Lezaj 2313 TVH FAG,4,17860
Lezaj 2313 K gpz,2,4945
Lezaj 2314 gpz        ,2,3777
Lezaj 2316 urb         ,4,6160
Lezaj 3200 BTVH FAG   ,15,1800
Lezaj 3201 BTVH FAG       ,16,1820
Lezaj 3201 2RS kg,5,360
"Lezaj 3202 wbf, zkl ",3,297
Lezaj 3202 BTVH FAG  ,15,1830
Lezaj kugl. 3202 -,8,650
Lezaj 3202 2RS,2,
Lezaj 3202 B 2RS TVH FAG,9,2240
Lezaj 3203 BTVH FAG ,19,1910
Lezaj 3203 + kj,3,340
Lezaj 3203 2RS ,11,
Lezaj 3203 B 2RS TVH FAG,14,2170
Lezaj 3204 BTVH FAG,11,1960
Lezaj 3204 2RS,5,
Lezaj 3204 B 2RS TVH FAG,7,2290
Lezaj 3205 BTVH FAG      ,2,2050
Lezaj 3205 2RS,2,
Lezaj 3205 B 2RS TVH FAG,22,2400
Lezaj 3206 gpz        ,8,
Lezaj kugl. 3206  -,7,
Lezaj 3206 BTVH FAG,7,2450
Lezaj 3206 - flt      ,428,960
Lezaj 3206 B 2RS TVH FAG   ,23,2870
Lezaj 3207 whx        ,9,645
Lezaj kugl. 3207 -,12,941
Lezaj 3207 BTVH FAG,17,2900
Lezaj 3207 B.2RS.TVH FAG,14,3480
Lezaj 3208 BTVH FAG     ,19,3710
Lezaj 3208 + kg,1,875
Lezaj 3208 2RS,2,
Lezaj 3208 B 2RS TVH FAG,9,4280
Lezaj 3209 BTVH FAG      ,17,4280
Lezaj kugl. 3209 -,6,2162
Lezaj 3209 2RS,2,
Lezaj 3210 WBW,2,1163
Lezaj kugl. 3210 URB,3,1693
Lezaj 3210 BTVH FAG    ,13,4610
Lezaj 3210 B 2RS TVH FAG,15,5550
Lezaj 3211 BTVH FAG    ,8,5650
Lezaj 3211 B.2RS TVH FAG,2,6700
Lezaj 3212 BTVH FAG,10,7420
Lezaj 3213 BTVH FAG,3,9100
Lezaj 3214 zkl        ,2,4100
Lezaj 3214 BTVH FAG   ,2,10470
Lezaj 3214 K zkl         ,1,5460
Lezaj 3215 BTVH FAG,4,11620
Lezaj 3216 BTVH FAG,2,13430
Lezaj 3217 FAG,2,16570
Lezaj 3217 + urb,3,4543
Lezaj 3302 kbs,6,430
Lezaj 3302 BTVH FAG,8,2330
Lezaj 3303 zkl        ,14,1263
Lezaj 3303 BTVH FAG,7,2480
Lezaj kugl. 3303 -,52,991
Lezaj 3303 B 2RS TVH FAG,5,2980
Lezaj 3304 ,2,
Lezaj 3304 BTVH FAG,12,2640
Lezaj 3305 zkl     ,2,
Lezaj kugl. 3305 -,1,1640
Lezaj 3305 BTVH FAG      ,11,3140
Lezaj 3305 BD ZZ TVH FAG,8,3580
Lezaj 3305 B 2RS TVH FAG,10,3690
Lezaj 3306         ,2,
Lezaj 3306 BTVH FAG,10,3760
Lezaj 3307        ,2,
Lezaj kugl. 3307 -        ,4,1400
Lezaj 3307 BTVH FAG,11,4400
Lezaj 3308,2,
Lezaj 3308 BTVH FAG,11,5550
Lezaj 3308 B.2RS.TVH FAG,9,6630
Lezaj 3309         ,2,
Lezaj 3309 BTVH FAG,13,6900
Lezaj 3309 BD 2RS TVH FAG,5,8100
Lezaj 3310         ,1,
Lezaj 3310 BTVH FAG   ,11,8540
Lezaj 3310.,1,
Lezaj 3311 BTVH FAG,4,10660
Lezaj 3311 BD 2RS TVH FAG,2,16850
Lezaj 3312 zkl       ,8,8520
Lezaj 3312 D FAG ,8,13030
Lezaj 3312 C zkl,2,8523
Lezaj 3313 C       ,1,8670
Lezaj 3313 BTVH FAG,2,16620
Lezaj 3314 BTVH FAG,4,19740
Lezaj 3315 FAG,1,25510
Lezaj 4200 ATN9 SKF,1,1490
Lezaj 4201 BB TVH FAG,4,1490
Lezaj 4202 BB TVH FAG,12,1550
Lezaj 4203 BB TVH FAG,6,1680
Lezaj 4204 BB TVH FAG,9,1750
Lezaj 4205 BB TVH FAG,8,1860
Lezaj 4206 BB TVH FAG,10,2160
Lezaj 4207 BB TVH FAG,6,2660
Lezaj 4208 BB TVH FAG,7,3070
Lezaj 4209 BB TVH FAG,10,3440
Lezaj 4210 BB TVH FAG,8,3910
Lezaj 4210 FAG.,1,
Lezaj 4211 BB TVH FAG,5,5700
Lezaj 4212 BB TVH FAG,2,6730
Lezaj 4302 BB TVH FAG,2,2140
Lezaj 4303 BB TVH FAG,2,2320
Lezaj 4304 BB TVH FAG,5,2310
Lezaj 4305 BB TVH FAG,3,2640
Lezaj 4306 BB TVH FAG,6,3170
Lezaj 4307 BB TVH FAG,4,3780
Lezaj 4308 BB TVH FAG,2,4780
Lezaj 4309 BB TVH FAG,3,9570
Lezaj 4310 BB TVH FAG,3,9740
Lezaj 4311 BB TVH FAG,1,12430
Lezaj 4312 BB TVH FAG,1,15300
Lezaj 4313 FAG,8,21840
Lezaj 4316 BB TVH FAG,2,28900
Lezaj 605 ZZ Fag,7,610
Lezaj 606 ZZ       ,12,
Lezaj 607 ZZ  ,12,
Lezaj 607 ZZ C3 Fag  ,159,210
Lezaj 607 2RS      ,10,
Lezaj 607 2RS FAG,206,240
Lezaj 608 ZZ FAG     ,308,210
Lezaj 608 2RS WBW,56,40
Lezaj 608 2RS FAG     ,156,240
Lezaj 609 ZZ,24,
Lezaj 609 ZZ C3 FAG,206,220
Lezaj 609 2RS ,16,
Lezaj 609 2RS C3 FAG,231,240
Lezaj 623 NMB     ,4,39
Lezaj 623 ZZ FAG          ,96,270
Lezaj 624 NMB          ,28,109
Lezaj 624 ZZ FAG     ,129,240
Lezaj 624 2RS NMB,26,28
Lezaj 625 ZZ FAG   ,28,210
Lezaj 625 2RS HLC FAG      ,309,240
Lezaj kugl. 626 ZZ  ,50,
Lezaj 626 ZZ C3 FAG      ,283,210
Lezaj 626 2RS    ,50,
Lezaj 626 2RS C3 FAG ,259,240
Lezaj 627 Z NMB       ,11,257
Lezaj 627 ZZ  ,23,
Lezaj 627 ZZ FAG,270,210
Lezaj 627 2RS,5,
Lezaj 627 2RS C3 FAG,180,230
Lezaj 628 2RS NMB,5,90
Lezaj 628 2RS FAG,7,
Lezaj 629 GPZ        ,119,90
Lezaj 629 ZZ       ,20,
Lezaj 629 ZZ FAG,33,220
Lezaj 629 2RS          ,19,
Lezaj 629 2RS FAG,33,250
Lezaj 634 ZZ FAG,9,280
Lezaj 635 ZZ FAG,9,240
Lezaj 638 ZZ ,10,100
Lezaj 618/4 2RS WBW,8,90
Lezaj 618/5 2RS WBW,30,90
Lezaj 618/6 2RS WBW,7,90
Lezaj 618/7 2RS WBW,30,90
Lezaj 618/8 ZZ WBW,4,90
Lezaj 618/8 2RS WBW,30,90
Lezaj 618/9 ZZ WBW,38,90
Lezaj 618/9 2RS WBW,1,
Lezaj 619/3 2RS WBW,16,90
Lezaj 619/4 2RS WBW,26,90
Lezaj 619/5 2RS WBW,9,90
Lezaj 619/6 2RS WBW ,13,90
Lezaj 619/7 2RS WBW,7,90
Lezaj 619/8 ZZ WBW ,3,90
Lezaj 619/8 2RS WBW ,30,90
Lezaj 619/9 2RS WBW,12,90
Lezaj 6000 ZZ      ,29,
Lezaj 6000 ZZ C FAG,272,230
Lezaj 6000 2RS ,31,
Lezaj 6000 2RS C FAG,312,260
Lezaj 6000 2RS C3 FAG,50,260
Lezaj 6001 ZZ WBW     ,20,42
Lezaj 6001 ZZ FAG,160,240
Lezaj 6001 2RS ,9,
Lezaj 6001 2RS FAG,55,280
Lezaj 6001 2Z C3 FAG,39,240
Lezaj 6002         ,7,90
Lezaj 6002 Z SKF,1,100
Lezaj 6002 ZZ      ,32,
Lezaj 6002 ZZ C3 FAG     ,108,270
Lezaj 6002 2RS     ,31,
Lezaj 6002 2RS FAG,154,300
Lezaj 6003 ZZ      ,21,
Lezaj 6003 ZZ C3 FAG      ,164,280
Lezaj 6003 2RS     ,38,
Lezaj 6003 2RS C3 FAG,431,320
Lezaj 6004 ZZ      ,21,
Lezaj 6004 ZZ C3 FAG     ,275,310
Lezaj 6004 TB FAG,6,1530
Lezaj 6004 2RS     ,14,
Lezaj 6004 2RS C3 FAG,293,350
Lezaj 6005 SKF        ,1,400
Lezaj 6005 ZZ      ,20,
Lezaj 6005 ZZ FAG    ,393,360
Lezaj 6005 2RS     ,17,
Lezaj 6005 2RS C3 FAG,120,400
Lezaj S 6005 2RS FAG,20,2520
Lezaj 6006 IKL       ,3,190
Lezaj 6006 ZZ      ,5,
Lezaj 6006 ZZ FAG,187,440
Lezaj 6006 TBP 63 FAG,3,2500
Lezaj 6006 2RS     ,25,
Lezaj 6006 2RS FAG,301,490
Lezaj 6007 ZZ     ,25,
Lezaj 6007 ZZ C3 FAG,247,540
Lezaj 6007 2RS     ,20,
Lezaj 6007 2RS FAG,310,610
Lezaj 6008 -         ,4,295
Lezaj 6008  ZZ     ,27,
Lezaj 6008 ZZ C3 FAG,95,680
Lezaj 6008 MA C3 FAG,13,3320
Lezaj 6008 TBP 63 FAG,12,2620
Lezaj 6008 2RS IKL    ,49,385
Lezaj 6008 2RS FAG     ,107,760
Lezaj 6009 URB        ,5,290
Lezaj 6009 ZZ    ,8,
Lezaj 6009 ZZ FAG,153,870
Lezaj 6009 TBP 63 FAG,2,3220
Lezaj 6009 2RS     ,24,
Lezaj 6009 2RS FAG     ,133,990
Lezaj 6010 ZZ,10,1200
Lezaj 6010 ZZ FAG    ,78,1010
Lezaj 6010 2RS WBW,30,
Lezaj 6010 2RS FAG,6,1150
Lezaj 6010 N GPZ,1,395
Lezaj 6010 2RSR C3 FAG,86,1150
Lezaj 6011 ZZ      ,5,
Lezaj 6011 ZZ FAG,82,1290
Lezaj 6011 2RS ,5,
Lezaj 6011 2RS FAG,52,1460
Lezaj 6012 ZZ      ,5,
Lezaj 6012 ZZ FAG,41,1480
Lezaj 6012 FAG ,3,
Lezaj 6012 2RS FAG,59,1680
Lezaj 6013 -         ,9,700
Lezaj 6013 Z C3 SKF,5,2720
Lezaj 6013 ZZ      ,5,
Lezaj 6013 ZZ FAG,14,2530
Lezaj 6013 TBP 63 FAG,2,6530
Lezaj 6013 2RS      ,5,
Lezaj 6013 2RS FAG    ,11,2780
Lezaj 6014 ZZ FAG,24,3210
Lezaj 6014 2RS FAG,14,3510
Lezaj 6015 -         ,4,800
Lezaj 6015 ZZ DPI     ,1,815
Lezaj 6015 ZZ FAG,32,3660
Lezaj 6015 2RS   ,2,
Lezaj 6015 2RS FAG  ,29,4535
Lezaj 6016 ZZ FAG,18,4480
Lezaj 6016 2RS C3 FAG,10,4880
Lezaj 6017 ZZ FAG,18,5000
Lezaj 6017 2RS FAG,24,5650
Lezaj 6018 GPZ       ,6,1650
Lezaj 6018 ZZ FAG        ,16,5950
Lezaj 6018 2RS FAG        ,9,6730
Lezaj 6019 ZZ FAG,11,7050
Lezaj 6020 ZZ FAG,3,7580
Lezaj 6021 ZZ FAG      ,6,9750
Lezaj 6022 GPZ       ,190,2800
Lezaj 6022 FAG        ,7,8700
Lezaj 6022 ZZ FAG       ,1,11710
Lezaj 6026 -,3,6013
Lezaj 6026 ZZ FAG       ,3,18900
Lezaj 6028 ZZ FAG        ,2,21740
Lezaj 6030 FLT,1,10133
Lezaj 6030 FAG,2,21210
Lezaj 6034 FAG,2,37070
Lezaj 6036 M FAG,1,50760
Lezaj 6038 GPZ         ,2,13930
Lezaj 6200 ZZ      ,30,
Lezaj 6200 ZZ FAG,193,230
Lezaj 6200 2RS     ,30,
Lezaj 6200 2RS FAG     ,193,260
Lezaj 6201 FAG       ,72,210
Lezaj 6201 Z TVH FAG,8,380
Lezaj 6201 ZZ -,3,
Lezaj 6201 ZZ FAG,324,240
Lezaj 6201 2RS     ,27,
Lezaj 6201 2RS FAG,37,270
Lezaj 6202 IKL       ,75,133
Lezaj 6202 K GPZ        ,5,68
Lezaj 6202 Z ZKL     ,2,70
Lezaj 6202 Z TVH FAG,15,400
Lezaj 6202 ZZ,8,
Lezaj 6202 ZZ FAG   ,51,260
Lezaj 6202 ZZ BHTS 280' BECO,2,1390
Lezaj 6202 2RS     ,29,
Lezaj 6202 2RS FAG,1,290
Lezaj 6203 ZZ WBW     ,19,
Lezaj 6203 ZZ FAG,816,290
Lezaj 6203 TB P63 FAG,9,2150
Lezaj 6203 2RS/19 IKL     ,73,85
Lezaj 6203 2RS FAG,1,320
Lezaj 6203 2RS WBW,20,
Lezaj 6203 BHTS ZZ 280 ,1,
Lezaj 6203 2RS C3 FAG,9,
Lezaj 6204 TVH C3 FAG,20,470
Lezaj 6204 ZZ WBW      ,41,85
Lezaj 6204 ZZ FAG,81,330
Lezaj 6204 TB P63 FAG,9,3160
Lezaj 6204 2RS.     ,20,85
Lezaj 6204 2RS FAG,246,380
Lezaj 6204 BHTS ZZ 280 FAG,2,
Lezaj 6204 ZZ C3 FAG,168,330
Lezaj 6204 2HRS C3 FAG,48,380
Lezaj 6205 ZZ WBW     ,24,100
Lezaj 6205 ZZ C3 FAG,187,390
Lezaj 6205 TB P63 FAG,6,4580
Lezaj 6205 2RS     ,34,
Lezaj 6205 2RS FAG,89,440
Lezaj 6205 BHTS ZZ 280 FAG,1,
Lezaj 6205 2RS NACHI,87,325
Lezaj 6206 URB      ,4,140
Lezaj 6206 TVH C3 FAG,5,890
Lezaj 6206 ZZ,14,135
Lezaj 6206 ZZ FAG     ,300,520
Lezaj 6206 M FAG,8,5560
Lezaj 6206 TB P63 FAG,5,4310
Lezaj 6206 2RS     ,20,
Lezaj 6206 2RS FAG,267,590
Lezaj 6206 ZZ C3 FAG,258,520
Lezaj 6206 2RS C3 FAG,206,590
Lezaj 6207 ZZ WBW    ,29,180
Lezaj 6207 ZZ FAG,21,680
Lezaj 6207 TB P63 FAG,4,6200
Lezaj 6207 2RS     ,20,
Lezaj 6207 2RS FAG,10,770
Lezaj 6207 ZZ C3 FAG,15,680
Lezaj 6207 2RS C3 FAG,189,770
Lezaj 6207 ZZC3 NACHI,46,500
Lezaj 6208 +,18,250
Lezaj 6208 ZZ     ,15,
Lezaj 6208 ZZ FAG,38,910
Lezaj 6208 TBP 63 FAG,6,6670
Lezaj 6208 2RS     ,15,
Lezaj 6208 2RS FAG,39,1020
Lezaj 6209 ZZ     ,23,1400
Lezaj 6209 ZZ  FAG,65,1100
Lezaj 6209 2RS,15,
Lezaj 6209 2RS FAG,131,1250
Lezaj 6209 ZZ C3 FAG,34,1100
Lezaj 6209 2RS C3,70,1250
Lezaj 6210 ZZ      ,9,
Lezaj 6210 ZZ FAG,62,1310
Lezaj 6210 TBP 63 FAG,2,8520
Lezaj 6210 2RS     ,12,
Lezaj 6210 2RS FAG,36,1480
Lezaj 6210 ZZ C3 FAG,34,1300
Lezaj 6210 2RS C3 FAG,82,1480
Lezaj 6210 2RSC3 NACHI,30,1085
Lezaj 6211 ZZ WBW,6,
Lezaj 6211 ZZ FAG      ,88,1550
Lezaj 6211 2RS WBW,9,
Lezaj 6211 2RS FAG,81,1750
Lezaj 6212 ZZ     ,5,
Lezaj 6212 ZZ FAG       ,72,1920
Lezaj 6212 2RSR     ,5,
Lezaj 6212 2RS FAG,79,2170
Lezaj 6213 ZZ FAG,39,3740
Lezaj 6213 2RS FAG,56,4110
Lezaj 6213  ZZ C3 FAG,7,3740
Lezaj 6214 -         ,25,1263
Lezaj 6214 ZZ FAG,15,4300
Lezaj 6214 2RS FAG,11,4580
Lezaj 6214 ZN ZKL,2,1498
Lezaj 6214 2RS C3 FAG,5,4580
Lezaj 6215 ZZ FAG,14,5100
Lezaj 6215 M C3 FAG,6,13940
Lezaj 6215 2RS FAG,14,5400
Lezaj 6215 2RS C3 FAG,5,5400
Lezaj 6216-,2,1546
Lezaj 6216 Z URB,4,1546
Lezaj 6216 ZZ -      ,4,1669
Lezaj 6216 ZZ FAG,8,5950
Lezaj 6216 2RS FAG   ,14,6330
Lezaj 6216  ZZ C3 FAG,5,5950
Lezaj 6216 2RSC3 FAG,10,6330
Lezaj 6217 ZZ FAG,9,7250
Lezaj 6217 2RS FAG  ,4,8190
Lezaj 6218 -,11,2022
Lezaj 6218  -,8,2022
Lezaj 6218 ZZ FAG,8,8950
Lezaj 6218 2RS FLT    ,2,2287
Lezaj 6218 2RS FAG,10,10100
Lezaj 6218 N URB,4,2033
Lezaj 6219 FAG,4,10467
Lezaj 6219 ZZ FAG,3,11060
Lezaj 6220 ZZ FAG,6,12380
Lezaj 6221         ,1,2675
Lezaj 6221 -         ,11,3873
Lezaj 6221 FAG      ,4,13310
Lezaj 6221 ZKL        ,5,6955
Lezaj 6222 GPZ,3,3531
Lezaj 6222 FAG,2,15630
Lezaj 6222 ZKL,2,4168
Lezaj 6224 URB        ,1,4729
Lezaj 6224 URB.,2,20050
Lezaj 6226 FAG      ,2,23910
Lezaj 6228 FAG,3,32290
Lezaj 6234 M FAG,1,72230
Lezaj 6300 ZKL,13,103
Lezaj 6300 ZZ FAG    ,625,330
Lezaj 6300 2RS ,20,
Lezaj 6300 2RS FAG,161,340
Lezaj 6301 ZZ      ,12,
Lezaj 6301 ZZ FAG,290,310
Lezaj 6301 2RS     ,14,
Lezaj 6301 2RS FAG,347,350
Lezaj 6302 ZZ FAG     ,170,330
Lezaj 6302 2RS FAG,376,380
Lezaj 6303 IKL        ,62,141
Lezaj 6303 ZZ IKL      ,122,180
Lezaj 6303 ZZ FAG,128,380
Lezaj 6303 BHTS ZZ 280 C BECO,1,1670
Lezaj 6303 2RS IKL     ,90,186
Lezaj 6303 2RS FAG,153,430
Lezaj 6304 TVH C3 FAG,10,750
Lezaj 6304 ZZ      ,15,
Lezaj 6304 ZZ FAG     ,85,440
Lezaj 6304 TBP63 FAG,7,2440
Lezaj 6304 2RS     ,20,
Lezaj 6304 2RS FAG,126,490
Lezaj 6305 ZZ      ,14,
Lezaj 6305 ZZ FAG     ,76,540
Lezaj 6305 TB P63 FAG,8,2680
Lezaj 6305 2RS     ,29,
Lezaj 6305 2RS FAG,49,610
Lezaj 6305 ZZC3 NACHI,28,400
Lezaj 6306 URB         ,19,200
Lezaj 6306 ZZ      ,6,
Lezaj 6306 ZZ FAG,27,730
Lezaj 6306 TB FAG,8,2720
Lezaj 6306 2RS,10,
Lezaj 6306 2RS FAG,86,830
Lezaj 6306  ZZ C3 FAG,33,730
Lezaj 6307 ZZ      ,4,
Lezaj 6307 ZZ FAG,42,980
Lezaj 6307 TBP63 FAG,7,3710
Lezaj 6307 2RS     ,5,
Lezaj 6307 2RS FAG,60,1110
Lezaj 6308 ZZ WBW,8,
Lezaj 6308 ZZ FAG,27,1380
Lezaj 6308 TB P63 FAG,7,4800
Lezaj 6308 2RS,4,
Lezaj 6308 2RS FAG,9,1570
Lezaj 6309 URB,30,476
Lezaj 6309 ZZ      ,9,
Lezaj 6309 ZZ FAG     ,42,1750
Lezaj 6309 TBP63 FAG,5,6320
Lezaj 6309 2RS     ,4,
Lezaj 6309 2RS FAG,79,1980
Lezaj 6309 N URB,2,828
Lezaj 6310 ZZ ,2,
Lezaj 6310 ZZ FAG      ,14,2320
Lezaj 6310 2RS     ,4,
Lezaj 6310 2RS FAG,18,2620
Lezaj 6310  ZZ C3 FAG,2,2320
Lezaj 6310 2HRS C3,14,2620
Lezaj 6311 GPZ,2,803
Lezaj 6311 ZZ      ,5,
Lezaj 6311 ZZ FAG       ,27,2900
Lezaj 6311 2RS     ,5,
Lezaj 6311 2RS FAG   ,33,3270
Lezaj 6311 N C3       ,13,1367
Lezaj 6312 ZZ FAG,8,3690
Lezaj 6312 2RS FAG   ,13,4170
Lezaj 6313 FLT        ,3,1980
Lezaj 6313 ZZ FAG    ,17,6800
Lezaj 6313 2RS FAG,22,7450
Lezaj 6314 GPZ        ,6,2022
Lezaj 6314 ZZ FAG     ,13,8190
Lezaj 6314 2RS FAG,6,9000
Lezaj 6315 GPZ,6,2311
Lezaj 6315  ZKL,2,8293
Lezaj 6315 Z GPZ,2,2397
Lezaj 6315 ZZ FAG,5,9970
Lezaj 6315 2RS FAG,6,10940
Lezaj 6316 GPZ        ,4,2654
Lezaj 6316 Z NSK,1,9748
Lezaj 6316 ZZ FAG,3,11760
Lezaj 6317         ,2,2632
Lezaj 6317 FLT       ,3,2675
Lezaj 6317 ZZ FAG,1,14210
Lezaj 6318 ZZ FAG,5,17670
Lezaj 6319 ZKL         ,2,3487
Lezaj 6319 N GPZ,1,3500
Lezaj 6319 ZZ FAG        ,3,23340
Lezaj 6320 GPZ,3,3852
Lezaj 6320 ZZ GPZ,2,4045
Lezaj 6320 ZZ FAG,5,28090
Lezaj 6322 FAG,2,31960
Lezaj 6322 GPZ,1,7011
Lezaj 6403 FAG        ,10,1670
Lezaj 6403 2RS FAG ,15,2585
Lezaj 6404 FAG,14,2160
Lezaj 6405         ,5,625
Lezaj 6405 ZZ WBW       ,1,750
Lezaj 6405 FAG,16,2540
Lezaj 6406         ,2,
Lezaj 6406 FAG,6,3120
Lezaj 6407         ,8,1014
Lezaj 6407 -         ,20,1487
Lezaj 6407 FAG,3,3780
Lezaj 6407 +,1,
Lezaj 6408 N GPZ        ,9,1540
Lezaj 6408 C3 FAG,8,4650
Lezaj 6409 - ,8,1584
Lezaj 6409 FAG       ,3,5700
Lezaj 6410     ,4,2054
Lezaj 6410 -     ,9,2258
Lezaj 6410 FAG       ,2,6700
Lezaj 6411 GPZ,4,2777
Lezaj 6411 FAG,2,7990
Lezaj 6412 MGM        ,5,2889
Lezaj 6413 FLT ,7,3157
Lezaj 6414 FAG,2,17170
Lezaj 6415 IKL        ,2,6123
Lezaj 6417 ZKL        ,2,10400
Lezaj 61800 2RS FAG        ,33,790
Lezaj 61801 2RS FAG        ,25,770
Lezaj 61802 2RS FAG     ,24,800
Lezaj 61803 2RS,1,182
Lezaj 61803 2RS FAG,28,910
Lezaj 61804 2RS FAG,16,1030
Lezaj 61805 2RS FAG     ,23,1180
Lezaj 61806 2RS FAG      ,25,1690
Lezaj 61807 ZZ FAG,95,1950
Lezaj 61808 2RS FAG,15,2130
Lezaj 61809 2RS FAG,6,2520
Lezaj 61810 FAG,4,2460
Lezaj 61810 2RS FAG,5,3050
Lezaj 61811 2RS FAG,5,3720
Lezaj 61812 2RS FAG,3,4250
Lezaj 61813 2RS FAG,2,4550
Lezaj 61814 FAG,1,1100
Lezaj 61814 2RS FAG,2,4860
Lezaj 61815 2RS FAG,2,5920
Lezaj 61816 2RS FAG,3,6150
Lezaj 61817 2RS FAG,2,7550
Lezaj 61820 2RS FAG,2,9850
Lezaj 61821 FAG,2,8840
Lezaj 61822 2RS FAG,2,11420
Lezaj 61824 2RS FAG,2,13660
Lezaj 61826 FAG,4,13560
Lezaj 61828 2RS FAG,5,19500
Lezaj 61840 FAG,2,34200
Lezaj 61900 2RS FAG,15,760
Lezaj 61901 2RS FAG,27,760
Lezaj 61902 2RS FAG,11,840
Lezaj 61903 2RS FAG,45,860
Lezaj 61904 2RS FAG,29,1020
Lezaj 61905 2RS FAG,14,1330
Lezaj 61906 ZZ FAG,46,1710
Lezaj 61907 ZZ FAG,6,2390
Lezaj 61907 2RS FAG,8,2330
Lezaj 61908 2RS FAG,14,2470
Lezaj 61909 2RS FAG,14,2880
Lezaj 6204 2RS ES IKL,15,321
Lezaj 6205 2RS ES,2,605
Lezaj 6205 2RS ES WBW,4,250
Lezaj 6206 2RS ES -,4,300
Lezaj 6207 2RS ES WBW    ,3,350
Lezaj 6207 2RS ES ,2,
Lezaj 6208 2RS ES     ,4,560
Lezaj 6210 2RS ES,2,
Lezaj 62200 2RS FAG,26,790
Lezaj 62201 2RS ,2,156
Lezaj 62201 2RS FAG,17,800
Lezaj 62202 2RS FAG    ,12,890
Lezaj 62203 2RS FAG  ,27,970
Lezaj 62204 2RS FAG,22,1070
Lezaj 62205 2RS KBS   ,4,253
Lezaj 62205 2RS FAG,20,1190
Lezaj 62206 2RS FAG,18,1510
Lezaj 62207 2RS FAG     ,15,2020
Lezaj 62208 2RS FAG,12,2320
Lezaj 62209 2RS FAG,10,3100
Lezaj 62210 2RS FAG,5,3660
Lezaj 62211 2RS FAG,5,4560
Lezaj 62212 2RS FAG,2,5880
Lezaj 62300 2RS FAG    ,20,1125
Lezaj 62301 2RS TIM,1,800
Lezaj 62302 2RS FAG,21,1030
Lezaj 62303 2RS FAG,12,1160
Lezaj 62304 2RS FAG,18,1360
Lezaj 62305 2RS,1,554
Lezaj 62305 2RS -,6,348
Lezaj 62305 2RS FAG,45,1770
Lezaj 62306 2RS      ,4,
Lezaj 62306 2RS FAG,54,2500
Lezaj 62307 2RS FAG    ,7,3060
Lezaj 63000 2RS FAG,4,870
Lezaj 63001 2RS FAG     ,12,870
Lezaj 63002 2RS FAG,14,940
Lezaj 63004 FAG,3,350
Lezaj 63004 2RS FAG,18,1090
Lezaj 63005 2RS FAG,26,1120
Lezaj 63006 2RS FAG,24,1550
Lezaj 63007 2RS FAG,25,1640
Lezaj 63008 2RS FAG,9,1960
Lezaj 6308 2RS EES FAG,2,2040
Lezaj B 7005 C T P4S UL FAG,16,10375
Lezaj B 7006 C T P4S UL FAG,2,11110
Lezaj B 7007 C T P4S UL FAG,2,12210
Lezaj B 7008 C T P4S UL FAG,2,15220
Lezaj B 7009 C FAG,1,1200
Lezaj B 7011 C T P4S UL FAG,2,20045
Lezaj kugl. 7013 -        ,1,1904
Lezaj kugl. 7015 M       ,4,2742
Lezaj B 7017 E TPA P4 UL FAG         ,2,35995
Lezaj kugl. 7018         ,6,2782
Lezaj kugl. 7026 M,4,18561
Lezaj 7200 BTVP FAG    ,9,1020
Lezaj 7201 BTVP FAG,23,1040
Lezaj B 7201 FAG,2,9820
Lezaj 7202 BTVP FAG,7,1060
Lezaj 7203 BTVP FAG       ,1,1080
Lezaj kugl. 7204 B -       ,14,1467
Lezaj 7204 BTVP FAG,6,1150
Lezaj 7205 BTVP FAG,26,1250
Lezaj kugl. 7206 -       ,1,570
Lezaj 7206 BTVP FAG,22,1490
Lezaj 7207 BTVP FAG,11,1830
Lezaj 7208 BTVP FAG       ,22,2110
Lezaj kugl. 7209 -         ,22,946
Lezaj 7209 BTVP FAG    ,14,2410
Lezaj kugl. 7209 B.TVP,2,3035
Lezaj kugl. 7209 +,10,847
Lezaj kugl. 7210 -       ,70,1053
Lezaj 7210 BTVP FAG,1,2730
Lezaj B 7210 C T P4S UL ,2,22135
Lezaj kugl. 7211 -         ,3,1210
Lezaj 7211 BTVP FAG,5,3430
Lezaj kugl. 7212 BTVP *        ,4,5265
Lezaj kugl. 7213         ,1,2750
Lezaj 7213 BTVP FAG      ,2,5050
Lezaj kugl. 7214 -        ,8,2117
Lezaj 7214 BTVP FAG       ,2,5880
Lezaj 7215 BTVP      ,3,6620
Lezaj 7216 BTVP FAG,5,8020
Lezaj kugl. 7216 BM-,1,3808
Lezaj kugl. 7218         ,20,3331
Lezaj kugl. 7219         ,8,4852
Lezaj kugl. 7220         ,1,6667
Lezaj kugl. 7222 +,2,6970
Lezaj kugl. 7303         ,2,457
Lezaj kugl. 7303 -         ,1,587
Lezaj 7303 BTVP FAG      ,6,1330
Lezaj 7304 BTVP FAG,13,1380
Lezaj 7305 BTVP FAG,16,1640
Lezaj 7306 BTVP FAG      ,9,1980
Lezaj 7307 BTVP FAG,11,2400
Lezaj kugl. 7308 -         ,7,1137
Lezaj 7308 BTVP FAG,7,3080
Lezaj 7309 BTVP FAG       ,6,3780
Lezaj kugl. 7310 -        ,6,1641
Lezaj 7310 BTVP FAG         ,4,4750
Lezaj 7311 BTVP FAG,3,6000
Lezaj kugl. 7312         ,4,1880
Lezaj kugl. 7312 M -         ,1,2815
Lezaj 7312 BTVP FAG      ,5,7300
Lezaj kugl. 7313 B -,2,3035
Lezaj kugl. 7313 BTVP *,2,9720
Lezaj 7314 BTVP FAG,2,11710
Lezaj kugl. 7314 +        ,3,1357
Lezaj kugl. 7314 -        ,1,5682
Lezaj 7315 BTVP FAG,11,14730
Lezaj kugl. 7317 M -,1,25060
Lezaj kugl. 7318,1,4664
Lezaj 7318 BTVP FAG       ,2,24450
Lezaj kugl. 7412 BM -,1,14162
Lezaj 926722 (110x155x30) FAG,1,2000
Lezaj kugl. R3 ZZ,6,450
Lezaj kugl. R6 ZZ,2,725
Lezaj kugl. R8 2RS,7,245
Lezaj kugl. L17 -         ,15,250
Lezaj 16002      ,30,209
Lezaj 16002 A FAG       ,19,500
Lezaj 16003 A FAG,17,490
Lezaj 16004 A FAG,21,540
Lezaj 16005 A FAG,25,590
Lezaj 16005 +        ,9,223
Lezaj 16005 A ZZ FAG,1,680
Lezaj 16006 -         ,1,230
Lezaj 16006 A FAG,8,700
Lezaj 16007         ,6,423
Lezaj 16007 A FAG        ,12,800
Lezaj 16008 -         ,4,310
Lezaj 16008 A FAG      ,21,930
Lezaj 16009 A FAG,19,1200
Lezaj 16010 A FAG,15,1370
Lezaj 16011 A FAG,17,1850
Lezaj 16012         ,6,1116
Lezaj 16012 -         ,7,538
Lezaj 16012 FAG        ,20,2120
Lezaj 16013 -         ,25,750
Lezaj 16013 FAG,11,2460
Lezaj 16014 FAG,6,3200
Lezaj 16014 +,1,
Lezaj 16015 FAG,7,3340
Lezaj 16016 FAG       ,2,3910
Lezaj 16017 FAG      ,1,4360
Lezaj 16018 FAG        ,1,4880
Lezaj 16019 FAG,3,5480
Lezaj 16020         ,2,3293
Lezaj 16020 FAG        ,2,6070
Lezaj 16021 FAG,4,7745
Lezaj 16022 FAG,2,8490
Lezaj 16024 FAG,2,9910
Lezaj 16032 C3 FAG,1,21680
Lezaj 16036 FAG,2,33645
Lezaj 16100 ZZ FAG,57,590
Lezaj 16101 2RS FAG,11,1155
Lezaj 20209 KC3 FAG,1,17060
Lezaj 20212 T FAG,2,21480
Lezaj bacv.20212 -,1,6322
Lezaj bacv.20308 -     ,1,5712
Lezaj 21304 E FAG,2,4860
Lezaj bacv.21305,1,
Lezaj 21305 E FAG ,7,4700
Lezaj 21306 E FAG ,5,5330
Lezaj 21306 EXQW33 NACHI,4,4130
Lezaj 21307 E FAG,6,5850
Lezaj 21307 EXQW33 NACHI,4,4520
Lezaj 21308 E FAG,8,6220
Lezaj 21308 EXQW33 NACHI,4,5350
Lezaj 21309 E FAG,4,6820
Lezaj 21310 E FAG,2,7820
Lezaj 21310 EXQW33 NACHI,4,6060
Lezaj 21311 E FAG,1,9150
Lezaj 21311 EXQW33 NACHI,2,7100
Lezaj 21312 E FAG,5,10360
Lezaj 21312 EXQW33 NACHI,2,8010
Lezaj bacv.21312 K -,1,12185
Lezaj 21313 E FAG ,4,12140
Lezaj 21313 EXQW33 NACHI,2,9405
Lezaj 21313 EK FAG,5,12140
Lezaj 21314 E FAG,4,14010
Lezaj 21314 EXQW33 NACHI,2,10850
Lezaj 21315 E FAG,-1,15610
Lezaj 21315 EXQW33 NACHI,2,12100
Lezaj 21316 E FAG,2,17600
Lezaj 21317 E FAG ,1,19940
Lezaj 21317 EXQW33 NACHI,2,15450
Lezaj 21317 EK FAG,2,20440
Lezaj 21318 E FAG,1,22740
Lezaj 21318 EX1W33 NACHI,2,17650
Lezaj 21320 E FAG,2,31930
Lezaj 21320 EXQW33 NACHI,2,24700
Lezaj 22205 E FAG     ,5,4310
Lezaj 22205 EXQW33 NACHI,18,3350
Lezaj 22206 E FAG     ,15,4360
Lezaj 22206 EXQW33 NACHI,18,3380
Lezaj 22207 E FAG,17,4550
Lezaj bacv.22208 -        ,1,
Lezaj 22208 E FAG  ,19,4900
Lezaj 22208 EXQW33 NACHI,18,3810
Lezaj bacv.22209 ,2,
Lezaj 22209 E FAG,8,5180
Lezaj 22209 EK FAG ,1,5180
Lezaj 22210 E FAG,12,5480
Lezaj 22210 EXQW33 NACHI,18,4260
Lezaj 22211 E FAG,14,6080
Lezaj 22211 EXQW33 NACHI,4,4730
Lezaj 22212 E FAG ,11,6870
Lezaj 22212 EXQW33 NACHI,4,5330
Lezaj 22212 ES KM FAG ,6,10940
Lezaj 22213 E FAG,14,8050
Lezaj 22213 EXQW33 NACHI,4,6260
Lezaj 22213 EK FAG,1,8050
Lezaj bacv.22214,2,2285
Lezaj 22214 E FAG  ,4,9220
Lezaj bacv.22214 +     ,1,2285
Lezaj bacv.22214-     ,1,3430
Lezaj 22214 EXQW33 NACHI,4,7180
Lezaj bacv.22214 K -     ,1,2699
Lezaj bacv.22215 -,1,3600
Lezaj 22215 E1 FAG,5,10140
Lezaj 22215 EXQW33 NACHI,2,7880
Lezaj bacv.22215 K,3,3600
Lezaj bacv.22215 KH -,1,4250
Lezaj 22216 E FAG,1,11510
Lezaj 22216 EXQW33 NACHI,2,8950
Lezaj bacv.22216 K -     ,7,3980
Lezaj 22216 EK FAG,2,11510
Lezaj 22217 E FAG,6,13230
Lezaj 22217 EXQW33 NACHI,2,10300
Lezaj bacv.22218  -,4,5309
Lezaj 22218 E FAG,3,15360
Lezaj 22218 EXQW33 NACHI,2,11960
Lezaj bacv.22218 K -,26,3577
Lezaj 22219 E FAG,2,18340
Lezaj 22219 EXQW33 NACHI,2,14270
Lezaj bacv.22219 K -,1,4422
Lezaj 22219 E1K C3 FAG,2,18340
Lezaj bacv.22220 -         ,1,7571
Lezaj 22220 E FAG,4,20570
Lezaj 22220 EXQW33 NACHI,2,16040
Lezaj bacv.22220 KH,1,12350
"Lezaj 22222 M URB,GPZ     ",5,10606
Lezaj 22222 E FAG,1,25310
Lezaj 22222 EXQW33 NACHI,2,19700
Lezaj bacv.22222 K -,1,10606
Lezaj 22224 E FAG,2,33560
Lezaj 22224 EXQW33 NACHI,2,26110
Lezaj bacv.22224 K,3,9139
Lezaj bacv.22224 K -,3,11648
Lezaj 22226 E FAG,3,39710
Lezaj 22226 EXQW33 NACHI,2,30900
Lezaj 22228 E FAG,3,50020
Lezaj 22228 EXQW33 NACHI,2,38960
Lezaj bacv.22228 K         ,2,13217
Lezaj bacv.22228 KH         ,2,21074
Lezaj 22230 E FAG,2,62580
Lezaj bacv.22230 +,2,16518
Lezaj 22230 EXQW33 NACHI,2,48720
Lezaj bacv.22230 M     ,1,22298
Lezaj bacv.22232 E1      ,2,77840
Lezaj 22232 E FAG,2,77840
Lezaj bacv.22240 K         ,1,46285
Lezaj bacv.22244         ,6,46456
Lezaj bacv.22252         ,2,60738
Lezaj bacv.22308 -,15,2643
Lezaj 22308 E FAG,10,6870
Lezaj 22308 EXQW33 NACHI,2,5405
Lezaj bacv.22308 K +,8,2640
Lezaj 22309 E FAG,4,7830
Lezaj bacv.22309  -,6,2845
Lezaj 22309 EXW33 NACHI,2,6200
Lezaj bacv.22309 K,1,2845
Lezaj 22309 E1K FAG,6,7830
Lezaj 22310 E FAG,29,9200
Lezaj 22310 EXQW33 NACHI,2,7270
Lezaj 22311 E FAG,5,10810
Lezaj 22311 EXQW33 NACHI,2,8520
Lezaj bacv.22312 -         ,3,4738
Lezaj 22312 EXQW33 NACHI,2,9890
Lezaj 22313 E FAG,9,14600
Lezaj 22313 EXQW33 NACHI,2,11520
Lezaj 22313 EK FAG,1,14600
Lezaj bacv.22314 -         ,1,6008
Lezaj 22314 E FAG,7,16770
Lezaj 22314 EXQW33 NACHI,2,13220
Lezaj bacv.22314 K,2,6000
Lezaj 22315 E FAG,3,19540
Lezaj 22315 EXQW33 NACHI,2,15420
Lezaj bacv.22315 K      ,2,6317
Lezaj bacv.22315 E1K     ,2,21900
Lezaj bacv.22315 KH      ,2,7231
Lezaj bacv.22316  -,2,7582
Lezaj 22316 E FAG,6,22140
Lezaj 22316 EXQW33 NACHI,2,17470
Lezaj bacv.22316 K,1,7600
Lezaj 22317 E FAG,8,25050
Lezaj 22317 EXQW33 NACHI,2,19750
Lezaj 22317 EK FAG,1,25050
Lezaj 22318 E FAG,3,31490
Lezaj 22318 CAM E4-VS4,1,34000
Lezaj 22318 EXQW33 NACHI,2,22170
Lezaj 22319 E FAG,1,33700
Lezaj 22319 EXW33 NACHI,2,26600
Lezaj bacv.22319 K       ,5,14952
Lezaj 22320 E FAG,9,40440
Lezaj 22320 EXQW33 NACHI,2,31920
Lezaj 22322 E1 FAG,3,55630
Lezaj 22322 EXQW33 NACHI,2,43900
Lezaj 22324 E FAG,1,69690
Lezaj 22324 EXQW33 NACHI,2,65080
Lezaj bacv.22324 KH      ,2,30401
Lezaj bacv.22326 -         ,1,42291
Lezaj bacv.22326 E*         ,2,95660
Lezaj 22326 EXQW33 NACHI,2,67340
Lezaj 22328 E FAG,2,106450
Lezaj 22328 EW33 NACHI,2,84000
Lezaj bacv.22330    ,3,39530
Lezaj 22330 E FAG,2,131760
Lezaj 22330 EW33 NACHI,2,106250
Lezaj bacv.22330 K       ,1,45618
Lezaj 23020 EXQW33 NACHI,2,20860
Lezaj 23022 E FAG,2,22110
Lezaj 23022 EXQW33 NACHI,2,17280
Lezaj 23024 E FAG,3,25750
Lezaj 23024 MK FAG,6,6345
Lezaj 23026 E FAG,5,31760
Lezaj 23026 EXQW33 NACHI,2,24850
Lezaj 23028 E FAG,6,41220
Lezaj 23028 EXQW33 NACHI,2,28750
Lezaj bacv.23028 K       ,1,12736
Lezaj 23030 E FAG,2,41580
Lezaj 23030 EXQW33 NACHI,2,32510
Lezaj bacv.23032 K +,1,13096
Lezaj 23034 E FAG,2,58970
Lezaj 23034 EK FAG,2,58970
Lezaj 23036 E FAG,2,69420
Lezaj 23048 E FAG,2,134700
Lezaj 23120 EMC3 FAG      ,4,31290
Lezaj bacv.23120 M -,3,30491
Lezaj 23120 EXQW33 NACHI,2,18500
Lezaj 23122 E FAG,2,27420
Lezaj 23122 EXQW33 NACHI,2,21200
Lezaj 23124 E1 FAG       ,2,35730
Lezaj 23124 EXQW33 NACHI,2,28270
Lezaj 23126 EXQW33 NACHI,2,32310
Lezaj 23128 E FAG      ,2,47490
Lezaj 23128 EXQW33 NACHI,1,38030
Lezaj 23218 E FAG,3,23750
Lezaj 23220 E FAG,2,29890
Lezaj 23220 E1AKMC3 FAG,2,39040
Lezaj 23222 E C3 FAG,2,37000
Lezaj 23222 EXQW33 NACHI,2,28590
Lezaj 23224 E FAG,1,45680
Lezaj 23224 EXQW33 NACHI,2,36208
Lezaj 23224 E1 K TVPB C3 FAG,1,45680
Lezaj 23228 M FAG,1,81840
Lezaj bacv.23228 +,4,16800
Lezaj 23228 EXQW33 NACHI,2,53030
Lezaj 23230 EXQW33 NACHI,2,68760
Lezaj 23232 E1 K TVPB FAG,2,103980
Lezaj 23234 E FAG,2,133000
Lezaj 29324 E FAG,1,57700
Lezaj 29332 FAG,1,34260
Lezaj 29412 E FAG,2,33530
Lezaj 29415 E FAG,1,43080
Lezaj 29416 E FAG,2,48120
Lezaj 29418 E FAG,1,55000
Lezaj 29432 E FAG,1,160540
Lezaj 29438 E FAG,1,269230
Navrtka KM 10           ,10,150
Navrtka KM-15,1,270
Osigura~ MB-5            ,5,12
Osigura~ MB-8            ,2,18
Osigura~ MB-9,7,20
Osigura~ MB 6            ,4,15
Osigura~ MB 7            ,4,15
Osigura~ MB 10,6,30
Osigura~ MB 11           ,4,40
Osigura~ MB-12,2,45
Osigura~ MB-15,1,80
Osigura~ MB-17,2,125
Osigura~ MB-18,1,385
Osigura~ MB-26,1,990
Osigura~ MB-13,3,50
Osigura~ MB-14,-1,50
Osigura~ MB-16            ,3,100
Hilzna H-204             ,2,403
Hilzna H-206             ,2,570
Hilzna H-207             ,2,600
Hilzna H-208             ,2,635
Hilzna H-209             ,1,700
Hilzna H-212,3,945
Hilzna H-215             ,2,1415
Hilzna H-216 -             ,7,1299
Hilzna H-218 -             ,1,1870
Hilzna H-220             ,3,2184
Hilzna H-220 -             ,4,2184
Hilzna H-222 -             ,7,2733
Hilzna H-306             ,19,480
Hilzna H-307             ,1,480
Hilzna H-307 -            ,3,230
Hilzna H-308             ,3,650
Hilzna H-309             ,2,250
Hilzna H-310  ,1,800
Hilzna H-311             ,1,330
Hilzna H-312 -,2,400
Hilzna H-313             ,2,1175
Hilzna H-314 -             ,2,1190
Hilzna H-315 -,19,1215
Hilzna H-316,1,1770
Hilzna H-318 -             ,6,1988
Hilzna H-322 -,9,3069
Hilzna H-2305 *          ,6,1406
Hilzna H-2307,1,520
Hilzna H-2309,3,765
Hilzna H-2310            ,2,490
Hilzna H-2315 -,1,1439
Hilzna H-2324 -,2,5505
Hilzna H-2326 -,1,4530
Hilzna H-3032,1,6149
Hilzna H-3132,2,7487
Hilzna AH-216,6,950
Hilzna AH-2313,1,1325
Hilzna AH-2314,3,2761
Hilzna H - 386217,1,6000
Lezaj 7718 gpz,2,900
Lezaj valjk. 30202        ,8,
Lezaj 30202 A FAG        ,13,1215
Lezaj valjk. 30203        ,43,645
Lezaj valjk. 30203 -        ,41,246
Lezaj 30203 NACHI,59,735
Lezaj valjk. 30204        ,10,
Lezaj 30204 A FAG,53,1020
Lezaj 30204 NACHI,60,785
Lezaj valjk. 30205        ,10,250
Lezaj 30205 A FAG,13,1130
Lezaj valjk. 30205-       ,8,360
Lezaj valjk. 30206,10,
Lezaj 30206 A FAG,9,1240
Lezaj 30206 NACHI,57,960
Lezaj valjk. 30207,10,250
Lezaj valjk. 30207 -,3,420
Lezaj 30207 A FAG       ,31,1540
Lezaj 30207 NACHI,58,1200
Lezaj valjk. 30208        ,14,270
Lezaj 30208 XL FAG,81,1860
Lezaj 30208 NACHI,24,1440
Lezaj valjk. 30209        ,12,330
Lezaj 30209 A FAG    ,42,2080
Lezaj 30209 NACHI,23,1600
Lezaj valjk. 30210        ,10,
Lezaj 30210 A FAG,21,2630
Lezaj 30210 NACHI,23,2030
Lezaj valjk. 30211        ,1,760
Lezaj 30211 A FAG,21,2920
Lezaj 30211 NACHI,9,2260
Lezaj 30212 A FAG,14,3480
Lezaj 30212 NACHI,9,2690
Lezaj 30213 A FAG,11,4280
Lezaj valjk. 30213.,3,1785
Lezaj 30213 NACHI,9,3315
Lezaj 30214 A FAG,26,4760
Lezaj valjk. 30215        ,2,
Lezaj 30215 A FAG,14,4980
Lezaj valjk. 30216        ,54,1800
Lezaj 30216 A FAG      ,2,5940
Lezaj 30216 NACHI,5,4600
Lezaj 30217 A FAG,5,7200
Lezaj 30217 ,1,7200
Lezaj valjk. 30217 +,2,3612
Lezaj valjk. 30217-,8,2537
Lezaj 30217 NACHI,6,5570
Lezaj 30218 A FAG,3,8790
Lezaj valjk. 30218  -,8,3651
Lezaj 30218 NACHI,6,6800
Lezaj valjk. 30219        ,2,3330
Lezaj 30219 A FAG,1,10680
Lezaj valjk. 30219 -,7,3330
Lezaj 30219 NACHI,2,8280
Lezaj valjk. 30220 -       ,10,3108
Lezaj 30220 A FAG,2,13010
Lezaj 30221 A FAG,2,16030
Lezaj 30221 ,3,16030
Lezaj 30221 A,4,7230
Lezaj valjk. 30222        ,1,6495
Lezaj valjk. 30228 +,2,11015
Lezaj valjk. 30228 -       ,3,15450
Lezaj 30236 A FAG,2,175590
Lezaj valjk. 30302 ,2,280
Lezaj 30302 A FAG,13,1200
Lezaj valjk. 30303        ,2,
Lezaj valjk. 30303 -       ,3,235
Lezaj 30303 A FAG,19,1180
Lezaj valjk. 30304        ,6,235
Lezaj valjk. 30304 -        ,74,336
Lezaj 30304 A FAG       ,14,1170
Lezaj 30304 NACHI,30,980
Lezaj valjk. 30305        ,3,258
Lezaj 30305 A FAG       ,28,1430
Lezaj 30305 NACHI,25,1100
Lezaj valjk. 30306        ,3,
Lezaj valjk. 30306 -        ,3,670
Lezaj 30306 A FAG     ,19,1760
Lezaj 30306 NACHI,30,1350
Lezaj valjk. 30307        ,7,414
Lezaj valjk. 30307 -        ,301,587
Lezaj 30307 A FAG,11,2100
Lezaj 30307 NACHI,30,1605
Lezaj valjk. 30308        ,3,
Lezaj valjk. 30308 -        ,2,722
Lezaj 30308 A FAG,14,2580
Lezaj valjk. 30308-,2,985
Lezaj 30309 A FAG,8,3280
Lezaj valjk. 30310        ,5,1680
Lezaj valjk. 30310 -       ,35,1189
Lezaj 30310 A FAG,20,3990
Lezaj valjk. 30311 -        ,1,1333
Lezaj 30311 A FAG         ,14,5230
Lezaj 30312 A FAG     ,19,6225
Lezaj valjk. 30313        ,3,2500
Lezaj 30313 A FAG,8,7840
Lezaj valjk. 30314 -        ,1,2700
Lezaj 30314 A FAG       ,6,9750
Lezaj 30315 A FAG,6,11880
Lezaj 30317 A FAG     ,1,17860
Lezaj 30318 A FAG        ,2,21080
Lezaj 30320 A FAG    ,2,33170
Lezaj 31305 A FAG       ,6,2260
Lezaj valjk. 31306        ,1,430
Lezaj 31306 A FAG,10,2650
Lezaj 31307 A FAG,8,3030
Lezaj valjk. 31308 -        ,1,896
Lezaj valjk. 31309 -,2,806
Lezaj 31309 A FAG       ,8,4910
Lezaj 31310 A FAG      ,6,5500
Lezaj valjk. 31310 +       ,6,1770
Lezaj 31312 A FAG     ,4,8160
Lezaj 31313 A FAG       ,2,10000
Lezaj 31314 A FAG,2,12240
Lezaj 31315 A FAG,4,16370
Lezaj 31316 A FAG,1,20460
Lezaj valjk. 31317        ,1,5898
Lezaj valjk. 32004 ,2,
Lezaj valjk. 32004 -,3,307
Lezaj 32004 X FAG,11,1170
Lezaj valjk. 32005        ,2,
Lezaj 32005 X FAG,14,1250
Lezaj 32006 X WBW,2,250
Lezaj 32006 X FAG,5,1340
Lezaj valjk. 32007        ,2,685
Lezaj 32007 X FAG,7,1440
Lezaj 32008 X WBW  ,2,
Lezaj 32008 X FAG,14,1650
Lezaj valjk. 32009,2,
Lezaj 32009 X FAG,15,1890
Lezaj valjk. 32010         ,2,
Lezaj 32010 X FAG     ,13,2260
Lezaj 32011 X FAG,8,2660
Lezaj valjk. 32011 +,7,1125
Lezaj valjk. 32012,2,900
Lezaj 32012 X FAG,2,3240
Lezaj 32013 X FAG,8,3800
Lezaj 32014 X FAG,9,4350
Lezaj 32015 X FAG,9,4760
Lezaj valjk. 32016,1,1775
Lezaj 32016 X FAG,12,5690
Lezaj valjk. 32017 -        ,2,1770
Lezaj 32017 X FAG,17,6370
Lezaj 32018 X FAG,6,7000
Lezaj 32019 X FAG,13,7520
Lezaj 32020 X FAG      ,10,8050
Lezaj 32021 X FAG,3,10615
Lezaj valjk. 32022 - ,8,3970
Lezaj 32022 X FAG,7,11740
Lezaj 320/22 FAG,2,1670
Lezaj 32024 X FAG,8,14370
Lezaj 32026 X FAG     ,2,21650
Lezaj 32028 X FAG,1,28410
Lezaj 320/32 X FAG,1,1975
Lezaj valjk. 320/38 -,8,896
Lezaj valjk. 32205,2,
Lezaj 32205 A FAG        ,8,1580
Lezaj 32205 B FAG,3,2470
Lezaj valjk. 32206        ,2,
Lezaj 32206 A FAG,14,1720
Lezaj valjk. 32207        ,4,310
Lezaj 32207 A FAG,5,1840
Lezaj valjk. 32208        ,14,360
Lezaj 32208 A FAG,38,2060
Lezaj valjk. 32209  ,8,410
Lezaj 32209 A FAG      ,27,2310
Lezaj valjk. 32210        ,2,
Lezaj 32210 A FAG,25,2580
Lezaj valjk. 32211        ,2,
Lezaj 32211 A FAG,17,3510
Lezaj 32212 A FAG,6,4190
Lezaj valjk. 32212.,1,1615
Lezaj valjk. 32213        ,1,1695
Lezaj 32213 A FAG,10,5230
Lezaj 32214 A FAG,12,5510
Lezaj valjk. 32215        ,1,2115
Lezaj 32215 A FAG,9,5910
Lezaj valjk. 32216 -        ,1,1932
Lezaj 32216 A FAG,9,6690
Lezaj 32217 A FAG      ,7,8050
Lezaj valjk. 32218 -,11,2912
Lezaj 32218 A FAG,9,10560
Lezaj valjk. 32219        ,9,3175
Lezaj 32219 A FAG,4,13280
Lezaj 32220 A FAG        ,7,15780
Lezaj valjk. 32221        ,1,4623
Lezaj valjk. 32221-      ,6,7850
Lezaj 32222 A FAG       ,2,25760
Lezaj 32226 A FAG ,2,58000
Lezaj 322/28 B ,2,2000
Lezaj valjk. 32236        ,1,39360
Lezaj valjk. 32238        ,2,45586
Lezaj 32303 A FAG ,2,
Lezaj 32305 A FAG,13,1980
Lezaj valjk. 32306 -        ,16,722
Lezaj 32306 A FAG       ,11,2490
Lezaj 32307 A FAG        ,20,2890
Lezaj 32308 A FAG,18,3510
Lezaj valjk. 32308.,4,1475
Lezaj 32309 A FAG,14,4210
Lezaj 32310 A FAG,13,5230
Lezaj valjk. 32311        ,1,1696
Lezaj valjk. 32311 -        ,23,1850
Lezaj 32311 A FAG,9,6680
Lezaj 32311 B FAG,1,10520
Lezaj valjk. 32312        ,2,
Lezaj 32312 A FAG,7,8140
Lezaj valjk. 32313 -        ,6,3242
Lezaj 32313 A FAG,4,10830
Lezaj 32313 BA FAG,2,15820
Lezaj 32314 A FAG         ,4,12740
Lezaj 32314 BA FAG        ,1,18680
Lezaj 32315 A FAG        ,2,16010
Lezaj valjk. 32316,1,6480
Lezaj 32316 A FAG,1,19180
Lezaj valjk. 32318        ,8,7861
Lezaj valjk. 32318 +,5,7861
Lezaj 32321 A FAG     ,1,59950
Lezaj valjk. 32322        ,4,19870
Lezaj valjk. 32326        ,1,32563
Lezaj 32924 FAG,2,15670
Lezaj 33005 FAG       ,1,2925
Lezaj 33010 FAG     ,5,3580
Lezaj 33011 FAG,3,4240
Lezaj 33012 A FAG    ,6,4710
Lezaj 33013 FAG,4,5090
Lezaj 33015 FAG,2,5940
Lezaj 33016 FAG,4,6980
Lezaj 33017 FAG,4,7750
Lezaj 33018 FAG,5,9450
Lezaj 33019 FAG       ,5,9740
Lezaj 33020 FAG ,4,10150
Lezaj 33021 FAG,6,13330
Lezaj 33022 FAG        ,3,14710
Lezaj 33024 FAG      ,1,20570
Lezaj 33108 FAG,13,3350
Lezaj 33109 FAG,7,3260
Lezaj 33110 FAG,5,3690
Lezaj 33111 FAG,4,4330
Lezaj 33112 FAG,5,5120
Lezaj 33113 FAG,6,5780
Lezaj valjk. 33113 -,6,
Lezaj 33114 FAG,5,7050
Lezaj 33115 FAG,5,7550
Lezaj 33116 FAG,4,8140
Lezaj 33117 FAG      ,7,10000
Lezaj 33118 FAG,1,11720
Lezaj 33122 FAG,2,22330
Lezaj 33205 FAG,13,1840
Lezaj 33206 FAG,9,2300
Lezaj 33207 FAG,11,2740
Lezaj 33208 FAG,9,3280
Lezaj 33209 FAG,7,3710
Lezaj 33210 FAG,5,4030
Lezaj 33211 FAG,4,4890
Lezaj 33212 FAG,7,6320
Lezaj 33213 FAG      ,6,7180
Lezaj 33214 FAG,5,7550
Lezaj 33215 FAG      ,2,9130
Lezaj 33216 FAG      ,4,11720
Lezaj 33217 FAG,2,14120
Lezaj valjk. 34210  -        ,2,1064
Lezaj valjk. 7706,1,530
Lezaj valjk. 7712 -,4,1680
Lezaj 7805 ,3,289
Lezaj valjk. 7805 -,2,289
Lezaj 807713,5,1800
Lezaj valjk. 807813 -,10,2016
Lezaj 51100 FAG        ,4,750
Lezaj 51101 FAG     ,8,750
Lezaj 51102 FAG    ,20,750
Lezaj 51103 FAG  ,23,750
Lezaj 51104 FAG     ,26,750
Lezaj aksij.51105        ,6,156
Lezaj 51105 FAG        ,30,830
Lezaj aksij.51106        ,5,
Lezaj aksij.51106 -,16,950
Lezaj 51106 FAG,24,890
Lezaj aksij.51107        ,2,
Lezaj aksij.51107 -       ,6,157
Lezaj 51107 FAG      ,20,950
Lezaj aksij.51108        ,3,
Lezaj 51108 FAG,31,1150
Lezaj 51109 FAG,19,1310
Lezaj.51109 FAG,2,
Lezaj 51110 FAG,8,1420
Lezaj aksij.51111,4,430
Lezaj 51111 FAG,5,1760
Lezaj aksij.51112 -        ,13,381
Lezaj 51112 FAG        ,5,1960
Lezaj 51113 FAG       ,8,2120
Lezaj 51114 FAG       ,5,2320
Lezaj 51115 FAG,6,2630
Lezaj 51116 FAG       ,5,2970
Lezaj aksij.51117 -       ,1,764
Lezaj 51117 FAG       ,2,3360
Lezaj 51118 -        ,3,1800
Lezaj 51118 FAG    ,9,4320
Lezaj aksij.51120 -,3,1310
Lezaj 51120 FAG,4,6330
Lezaj aksij.51120-,1,2643
Lezaj aksij.51122,2,1196
Lezaj 51122 FAG,2,7020
Lezaj aksij.51124 -,1,2379
Lezaj 51124 FAG,2,8270
Lezaj aksij.51126        ,1,1795
Lezaj 51126 FAG,2,10290
Lezaj aksij.51126 -    ,7,3343
Lezaj 51128 FAG,2,12590
Lezaj aksij.51200        ,1,241
Lezaj 51200 FAG,10,930
Lezaj 51201 FAG  ,10,930
Lezaj 51202 FAG        ,10,910
Lezaj 51203 FAG,7,950
Lezaj 51204 FAG,14,1000
Lezaj 51205 FAG,14,1110
Lezaj 51206 FAG,9,1250
Lezaj aksij.51207        ,4,225
Lezaj 51207 FAG       ,12,1540
Lezaj 51208 FAG,12,1730
Lezaj aksij.51209 -,3,392
Lezaj 51209 FAG,9,1900
Lezaj aksij.51210 -,21,454
Lezaj 51210 FAG,4,2120
Lezaj aksij.51211        ,1,423
Lezaj aksij.51211 -        ,8,599
Lezaj 51211 FAG      ,2,2900
Lezaj aksij.51212 -,16,689
Lezaj 51212 FAG,4,3180
Lezaj aksij.51213        ,17,800
Lezaj aksij.51213 -,5,857
Lezaj 51213 FAG,1,3640
Lezaj aksij.51214 -       ,3,879
Lezaj 51214 FAG,3,4050
Lezaj 51215 FAG,2,4460
Lezaj aksij.51216 *       ,2,5010
Lezaj aksij.51217 -,8,1288
Lezaj aksij.51217 *,2,6460
Lezaj 51218 FAG,1,8200
Lezaj aksij.51224 +       ,2,2700
Lezaj aksij.51226        ,2,4542
Lezaj aksij.51228  -,15,12950
Lezaj 51228 FAG,4,35670
Lezaj aksij.51228 -,1,37990
Lezaj aksij.51230        ,3,6627
Lezaj aksij.51305        ,1,202
Lezaj 51305 FAG,8,1530
Lezaj aksij.51306        ,1,215
Lezaj aksij.51307        ,8,269
Lezaj 51307 FAG,13,2120
Lezaj 51308 FAG     ,16,2590
Lezaj aksij.51309,2,806
Lezaj aksij.51309 -,24,706
Lezaj 51309 FAG,5,3090
Lezaj aksij.51310        ,1,949
Lezaj aksij.51310 -        ,1,949
Lezaj 51310 FAG      ,2,4050
Lezaj aksij.51311-        ,2,1210
Lezaj 51311 FAG,3,5360
Lezaj 51312 FAG    ,3,6320
Lezaj aksij.51313        ,1,1540
Lezaj aksij.51313*        ,2,8750
Lezaj aksij.51315*    ,2,12310
Lezaj aksij.51316 -,9,2643
Lezaj 51316 FAG,3,13590
Lezaj aksij.51317        ,9,3284
Lezaj aksij.51318        ,4,3712
Lezaj aksij.51318 -        ,8,3712
Lezaj aksij.51318-        ,1,4379
Lezaj 51324 MP FAG,1,51230
Lezaj aksij.51405        ,3,750
Lezaj 51405 FAG,6,3360
Lezaj 51406 FAG,4,3650
Lezaj 51407 FAG,5,4610
Lezaj 51408 FAG      ,2,5060
Lezaj 51409 FAG,5,7435
Lezaj aksij.52204-,6,538
Lezaj 52206 FAG,2,2830
Lezaj aksij.52209 --     ,1,1814
Lezaj 52213 FAG,11,10890
Lezaj aksij.52228 -,1,76070
Lezaj 52306 FAG,1,4880
Lezaj aksij.52312,2,5914
Lezaj 52312 FAG,2,16270
Lezaj aksij.52316 -,1,9139
Lezaj 53205 FAG,3,1970
Lezaj 53207 FAG,10,2860
Sferni prsten U 207,5,
Lezaj 53210 U FAG,4,4715
Lezaj 53212 FAG,5,6070
Sferni prsten U 212,5,4105
Lezaj 53222 FAG      ,2,20740
Lezaj 53307 FAG,2,3810
Sferni prsten U 307,2,2220
Lezaj aksij.53312        ,3,3709
Lezaj 53314 FAG,2,15230
Lezaj 53316 FAG       ,2,19540
Sferni prsten U 316,4,7815
Lezaj 53318 FAG       ,1,25550
Lezaj 54312 FAG,3,26870
Lezaj 54318 FAG      ,13,71055
Lezaj aksij.54406 U -,1,7280
Lezaj 81106 AS INA,1,3075
Lezaj 81206 TN INA,2,4365
Lezaj 81207 TN INA,2,5155
Lezaj 81208 TN INA,1,5510
Lezaj 81210 TN INA,3,7315
Lezaj 81211 TV INA,2,9755
Lezaj 234420 SP,1,89350
Lezaj 234432 SP,3,7500
Lezaj valjk. NA 12,7,640
Lezaj valjk. NA 17,1,1680
Lezaj valjk. NA 20 -       ,2,1840
Lezaj valjk. NA 50-,12,2660
Lezaj valjk. NA 55       ,20,2850
Lezaj valjk. NA 70,4,5530
Lezaj valjk. NA 95,2,7680
Lezaj NA 2203 -,1,3520
Lezaj NA 2205 2RS FAG,2,4790
Lezaj NA 4017 V,1,7043
Lezaj NA 4824 INA,2,22750
Lezaj NA 4901 INA,8,1660
Lezaj NA 4902 INA,10,1760
Lezaj NA 4903 INA,5,1930
Lezaj NA 4904 INA,7,2100
Lezaj NA 4905 INA,9,2340
Lezaj NA 4906 INA,8,2690
Lezaj NA 4907 INA,8,3030
Lezaj NA 4908 INA,10,3480
Lezaj NA 4909 INA,12,3920
Lezaj NA 4910 INA,4,4380
Lezaj NA 4911 INA,6,5090
Lezaj NA 4912 INA,5,6330
Lezaj NA 4914 INA,1,9840
Lezaj NA 49/22 INA,4,2190
Lezaj NA 49/28 INA,2,2550
Lezaj NA 49/32 INA,5,2890
Lezaj NA 6901 INA,3,2010
Lezaj NA 6902 INA,11,2180
Lezaj NA 6903 INA,5,2340
Lezaj NA 6904 INA,4,3530
Lezaj NA 6906 INA,6,4720
Lezaj NA 6907 INA,7,5620
Lezaj NA 6908 INA,9,6410
Lezaj NA 6909 INA,2,7340
Lezaj NA 6910 INA,2,8530
Lezaj NA 6914 INA,1,16460
Lezaj NA 69/22 INA,6,3760
Lezaj NA 69/28 INA,5,4510
Lezaj NA 69/32 INA,3,4895
Lezaj NAB 42 FKL,2,1800
Lezaj RNA 25 FKL,8,1730
Lezaj RNA 45/25 INA,2,2320
Lezaj RNA 4828 INA,1,25015
Lezaj RNA 4901 INA,5,1260
Lezaj RNA 4922 INA,1,18550
Lezaj RNA 75x92x35,1,900
Lezaj RNU 308 ,14,796
Lezaj valjk. N 204,3,560
Lezaj valjk. N 206 -,2,773
Lezaj valjk. N 208 -,16,1030
Lezaj valjk. N 212 -,17,1372
Lezaj valjk. N 214 -,3,2218
Lezaj valjk. N 224 *     ,5,39785
Lezaj valjk. N 224,6,12415
Lezaj valjk. N 307 -        ,14,1030
Lezaj valjk. N 310 -,1,1943
Lezaj valjk. N 311,2,2274
Lezaj valjk. N 316 E.TVP2,2,24220
Lezaj valjk. N 213,1,13425
Lezaj valjk. NF 218       ,5,3333
Lezaj NJ 203 ETVP2 FAG,19,1980
Lezaj NJ 204 ETVP2 FAG     ,26,2100
Lezaj valjk. NJ 205      ,1,345
Lezaj NJ 205 ETVP2 FAG,11,2250
Lezaj NJ 206 ETVP2 FAG,12,2600
Lezaj NJ 207 ETVP2 FAG,31,3020
Lezaj valjk. NJ 208 -,4,1053
Lezaj NJ 208 ETVP2 FAG,18,3490
Lezaj valjk. NJ 209      ,1,986
Lezaj NJ 209 ETVP2 FAG,6,3850
Lezaj valjk. NJ 209 C3,1,1770
Lezaj NJ 210 ETVP2 FAG,5,4120
Lezaj valjk. NJ 210 NA -     ,2,1680
Lezaj NJ 211 ETVP2 FAG   ,7,4820
Lezaj NJ 212 ETVP2 FAG   ,6,5800
Lezaj valjk. NJ 213      ,4,2460
Lezaj valjk. NJ 213 -      ,4,2460
Lezaj valjk. NJ 213  ETVP2,1,7785
Lezaj valjk. NJ 214 -,2,1765
Lezaj NJ 214 ETVP2 FAG,2,8485
Lezaj valjk. NJ 215 -      ,9,2436
Lezaj NJ 215 ETVP2 FAG,4,8360
Lezaj NJ 216 ETVP2 FAG,5,9470
Lezaj NJ 217 ETVP2 FAG     ,1,10930
Lezaj valjk. NJ 218      ,3,5900
Lezaj NJ 218 ETVP2 FAG,2,12810
Lezaj NJ 219 ,6,7420
Lezaj valjk. NJ 228,1,9298
Lezaj NJ 303 ETVP2 FAG,10,2380
Lezaj NJ 304 ETVP2 FAG,8,2580
Lezaj valjk. NJ 305      ,1,1456
Lezaj NJ 305 ETVP2 FAG,5,3085
Lezaj valjk. NJ 305-,3,1460
Lezaj NJ 306 ETVP2 FAG,16,3370
Lezaj valjk. NJ 307 -     ,22,1109
Lezaj NJ 307 ETVP2 FAG,6,3730
Lezaj NJ 308 ETVP2 FAG    ,3,4490
Lezaj valjk. NJ 308   -,1,2229
Lezaj valjk. NJ 309      ,4,1310
Lezaj valjk. NJ 309 -      ,38,1736
Lezaj NJ 309 ETVP2 FAG,8,5260
Lezaj valjk. NJ 309-,1,1932
Lezaj valjk. NJ 310       ,4,1749
Lezaj valjk. NJ 310 -       ,16,2085
Lezaj NJ 310 ETVP2 FAG,5,6340
Lezaj valjk. NJ 311  -,6,2435
Lezaj NJ 311 ETVP2 FAG,6,7550
Lezaj NJ 312 ETVP2 FAG,4,8880
Lezaj NJ 313 ETVP2 FAG,1,10680
Lezaj valjk. NJ 313 +,4,5807
Lezaj valjk. NJ 314 -      ,4,3898
Lezaj NJ 314 ETVP2 FAG,1,12650
Lezaj valjk. NJ 315 -      ,3,5018
Lezaj NJ 315 ETVP2 FAG      ,2,14690
Lezaj NJ 316 ETVP2 FAG   ,1,17140
Lezaj NJ 317 ETVP2 FAG,5,20110
Lezaj NJ 318 ETVP2 FAG   ,2,25440
Lezaj valjk. NJ 324      ,3,12653
Lezaj NJ 409 M FAG   ,2,23120
Lezaj NJ 409 FAG    ,2,11940
Lezaj NJ 410 FAG,2,17150
Lezaj valjk. NJ 411      ,2,3056
Lezaj valjk. NJ 2205  -,2,840
Lezaj NJ 2206 ETVP2 FAG       ,6,3190
Lezaj NJ 2207 ETVP2 FAG,6,3600
Lezaj NJ 2208 ETVP2 FAG     ,7,4330
Lezaj NJ 2209 ETVP2 FAG,7,4760
Lezaj valjk. NJ 2209 +,1,1008
Lezaj NJ 2210 ETVP2 FAG,5,5140
Lezaj valjk. NJ 2211- NUP     ,1,1640
Lezaj NJ 2211 ETVP2 FAG,6,6070
Lezaj NJ 2213 ETVP2 FAG,9,8300
Lezaj valjk. NJ 2214 -,4,3830
Lezaj NJ 2216 ,3,5550
Lezaj NJ 2216 E.TVP2 FAG,2,11810
Lezaj valjk. NJ 2220 -,4,5600
Lezaj valjk. NJ 2220 +,6,4704
Lezaj valjk. NJ 2304-,7,1176
Lezaj NJ 2305 ETVP2 FAG    ,6,3490
Lezaj NJ 2306 ETVP2 FAG    ,1,4260
Lezaj valjk. NJ 2307 -,1,2386
Lezaj NJ 2307 ETVP2 FAG   ,7,4980
Lezaj NJ 2308 ETVP2 FAG,8,6090
Lezaj NJ 2309 ETVP2 FAG     ,2,7410
Lezaj valjk. NJ 2309 -,2,2722
Lezaj NJ 2310 ETVP2 FAG    ,4,9220
Lezaj NJ 2311 ETVP2 FAG,5,10930
Lezaj valjk. NJ 2312 -,6,4614
Lezaj NJ 2312 ETVP2 FAG,2,13210
Lezaj NJ 2313 ETVP2 FAG,2,16050
Lezaj NJ 2314 ETVP2 FAG   ,2,19320
Lezaj valjk. NJ 2316 -,1,8809
Lezaj valjk. NN 3007K     ,2,6698
Lezaj valjk. NN 3008K     ,4,6339
Lezaj valjk. NN 3012K     ,1,7000
Lezaj valjk. NN 3013K     ,7,7829
Lezaj valjk. NN 3014K     ,1,8500
Lezaj valjk. NN 3016K     ,4,9038
Lezaj valjk. NN 3021K     ,1,15008
Lezaj valjk. NN 3026K     ,2,22019
Lezaj valjk. NN 3028K     ,1,24584
Lezaj valjk. NN 3032K     ,1,37727
Lezaj valjk. NN 3013 ASK.M.SP*,1,36500
Lezaj valjk. NN 3018 AS.KM.SP *,2,54800
Lezaj NU 202 ETVP2 FAG,111,1790
Lezaj NU 203 ETVP2 FAG,6,1830
Lezaj valjk.NU 204,12,890
Lezaj valjk.NU 205      ,8,960
Lezaj NU 205 ETVP2 FAG,6,2000
Lezaj valjk.NU 206       ,6,1120
Lezaj NU 206 ETVP2 FAG,8,2350
Lezaj NU 207 ETVP2 FAG,7,2760
Lezaj valjk.NU 208      ,3,1420
Lezaj NU 208 ETVP2 FAG,16,3100
Lezaj valjk.NU 209 -,1,1109
Lezaj NU 209 ETVP2 FAG,11,3960
Lezaj valjk.NU 209 C3     ,2,1580
Lezaj valjk.NU 210,12,2016
Lezaj NU 210 E.TVP2 FAG,16,3730
Lezaj valjk.NU 211,6,2430
Lezaj NU 211 ETVP2 FAG,5,5170
Lezaj valjk.NU 212  -      ,4,1372
Lezaj NU 212 ETVP2 FAG,2,5260
Lezaj valjk.NU 213 -,5,1742
Lezaj NU 213 ETVP2 FAG,1,6250
Lezaj NU 216 E M1 C3 FAG,1,15600
Lezaj NU 216 ETVP2 FAG,2,8540
Lezaj valjk.NU 217 -,9,3696
Lezaj valjk.NU 218 +,4,2582
Lezaj valjk.NU 219 -,1,8075
Lezaj valjk.NU 219 +,5,8075
Lezaj valjk.NU 220    ,1,24055
Lezaj valjk.NU 222,1,7340
Lezaj valjk.NU 224 +    ,1,6854
Lezaj valjk.NU 226      ,1,8057
Lezaj valjk.NU 228      ,3,8394
Lezaj NU 304 ,3,850
Lezaj valjk.NU 305,1,1344
Lezaj NU 305 ETVP2 FAG,11,2480
Lezaj NU 306 ETVP2 FAG,9,2800
Lezaj valjk.NU 306-,4,1030
Lezaj valjk.NU 307 -      ,4,1109
Lezaj NU 307 ETVP2 FAG,8,3260
Lezaj valjk.NU 308,5,1600
Lezaj valjk.NU 308 M -,3,1680
Lezaj NU 308 ETVP2 FAG,2,3870
Lezaj NU 309 E.TVP2 FAG,3,4830
Lezaj valjk.NU 310 -,5,2083
Lezaj NU 310 ETVP2 FAG,2,5730
Lezaj NU 311 ETVP2 FAG,3,6690
Lezaj valjk.NU 312 -,6,2862
Lezaj NU 312 ETVP2 FAG,1,9140
Lezaj valjk.NU 312-,4,2990
Lezaj valjk.NU 313,44,4906
Lezaj valjk.NU 314 ,4,2856
Lezaj valjk.NU 315      ,1,2981
Lezaj valjk.NU 315 -      ,4,3696
Lezaj NU 315 ETVP2 FAG,2,14785
Lezaj NU 316 ETVP2 FAG,2,15280
Lezaj NU 317 EM1C3 FAG,2,32245
Lezaj valjk.NU 318 -,10,6160
Lezaj NU 318 ETVP2 FAG,1,20330
Lezaj NU 319 ETVP2 FAG,4,22400
Lezaj valjk.NU 320 -,3,7392
Lezaj NU 320 ETVP2 FAG,4,28050
Lezaj valjk.NU 322      ,6,9064
Lezaj valjk.NU 322 +    ,1,9064
Lezaj valjk.NU 324 +    ,1,10134
Lezaj NU 326 ,3,14200
Lezaj NU 409 ,2,5140
Lezaj valjk.NU 411      ,31,7400
Lezaj NU 413 M1 FAG    ,4,32350
Lezaj valjk.NU 1005 M,1,5250
Lezaj valjk.NU 1007 M,2,5280
Lezaj valjk.NU 1010 M -,2,3900
Lezaj valjk.NU 1011 M ,2,8940
Lezaj valjk.NU 1012 M - ,1,3287
Lezaj valjk.NU 1012 M- ,3,10195
Lezaj valjk.NU 1012 M  - ,2,3494
Lezaj NU 1013 M FAG,2,9590
Lezaj NU 1014 M FAG ,1,12030
Lezaj valjk.NU 1015 -,3,14970
Lezaj NU 1016 M FAG,2,13690
Lezaj NU 1019 M FAG,1,18320
Lezaj NU 1021 M FAG,2,23990
Lezaj valjk.NU 1022     ,1,6009
Lezaj valjk.NU 1024     ,1,6808
Lezaj NU 1048 M FAG,2,176480
Lezaj valjk.NU 2204,3,2621
Lezaj NU 2205 E.TVP2 FAG,7,2765
Lezaj NU 2206 E TVP2 FAG,11,2880
Lezaj NU 2207 E.TVP2 FAG,2,3300
Lezaj NU 2208 E.TVP2 FAG,6,4430
Lezaj valjk.NU 2208  -,1,1770
Lezaj valjk.NU 2209     ,1,1277
Lezaj NU 2209 ETVP2 FAG,10,4280
Lezaj NU 2211 ETVP2 FAG,5,5510
Lezaj valjk.NU 2212 - ,1,2570
Lezaj valjk.NU 2213 -,1,2559
Lezaj valjk.NU 2218,1,3153
Lezaj NU 2220 E.TVP FAG,1,21510
Lezaj NU 2308 ETVP2 FAG,1,
Lezaj valjk.NU 2310,3,4040
Lezaj valjk.NU 2312 -,1,4301
Lezaj valjk.NU 2315  -,1,26092
Lezaj valjk.NU 2315 -,1,9912
Lezaj valjk.NU 2316     ,4,5015
Lezaj valjk.NU 2318,1,6928
Lezaj NUP 205 ETVP2 FAG,2,2790
Lezaj NUP 206 ETVP2 FAG,7,3010
Lezaj NUP 207 ETVP2 FAG,2,3390
Lezaj valjk. NUP 208 ETVP2,2,3830
Lezaj NUP 209 ETVP2 FAG,3,4350
Lezaj NUP 211 ETVP2 FAG,3,5850
Lezaj valjk. NUP 216 -,2,3170
Lezaj valjk. NUP 305 -,1,1142
Lezaj NUP 305 ETVP2 FAG,2,3210
Lezaj NUP 306 ETVP2 FAG,11,3730
Lezaj NUP 307 ETVP2 FAG,2,4300
Lezaj NUP 308 ETVP2 FAG,10,5140
Lezaj NUP 309 ETVP2 FAG,7,6100
Lezaj valjk. NUP 310  -,13,2218
Lezaj valjk. NUP 311 -,1,2800
Lezaj NUP 1017 N M1A C3 FAG,2,31680
Lezaj valjk. NUP 2205 - ,9,1030
Lezaj NUP 2206 ETVP2 FAG,5,3600
Lezaj NUP 2207 ETVP2 FAG,3,4120
Lezaj NUP 2208 ETVP2 FAG,4,5080
Lezaj valjk. NUP 2210,1,2500
Lezaj NUP 2210 ETVP2 FAG,6,5780
Lezaj NUP 2211 ETVP2 FAG,3,6680
Lezaj NUP 2212 ETVP2 FAG,9,8000
Lezaj NUP 2215 ETVP2 FAG,1,11650
Lezaj NUP 2216 ETVP2 FAG,2,13600
Lezaj valjk. NUP 2305 -,2,1982
Lezaj valjk. NUP 2309 -,1,3696
Lezaj kugl. UY 205,2,
Lezaj kugl. UY 206       ,5,1125
Lezaj kugl. UY 206 +       ,5,1125
Lezaj UC 206 ,2,
Lezaj kugl. UC 207,2,
Lezaj kugl. UC 208,2,
Lezaj kugl. UC 209,2,
Lezaj kugl. UC 210,2,
Lezaj kugl. UC 212,8,4560
Lezaj UC 215 FAG,5,7470
Lezaj kugl. LE 204 - FKL,3,750
Lezaj kugl. LE 205 - FKL,10,870
Lezaj kugl. LE 206 - FKL,12,1060
Lezaj kugl. LE 206-101-LY ZIS,2,1460
Lezaj kugl. LE 206-102-UY ZIS,2,1165
Lezaj kugl. LE 206-104-UY ZIS,1,1165
Lezaj kugl. LE 207 - FKL        ,20,1280
Lezaj kugl. LE 207-104-UY ZIS,3,1545
Lezaj kugl. LE 208 - FKL      ,7,1530
Lezaj kugl. LE 208-108-UY ZIS,1,1815
Lezaj kugl. LE 209 - FKL        ,3,1615
Lezaj kugl. LE 210 - FKL  ,4,1830
Lezaj kugl. LE 211 - FKL,6,2375
Lezaj kugl. LE 212 - FKL,2,3175
Lezaj kugl. LEF 206,12,1730
Lezaj LS 207 ,5,1500
Lezaj LS 208 ,2,1600
Lezaj GRAE 12 NPPB INA,8,1520
Lezaj GRAE 15 NPPB INA,11,1520
Lezaj GRAE 20 NPPB INA,2,1290
Lezaj GRAE 25 NPPB INA,14,1570
Lezaj GRAE 30 NPPB INA,10,1670
Lezaj GRAE 35 NPPB INA,9,2030
Lezaj GRAE 40 NPPB INA,15,2460
Lezaj GRAE 45 NPPB INA,9,2930
Lezaj GRAE 50 NPPB INA,5,3170
Lezaj PASE 30 N INA,2,2650
Lezaj UC 204 FAG,15,1030
Lezaj UC 205 FAG,24,1190
Lezaj UC 206 FAG,20,1450
Lezaj UC 207 FAG,18,1750
Lezaj UC 208 FAG,12,2100
Lezaj UC 209 FAG,10,2340
Lezaj UC 210 FAG,14,2660
Lezaj UC 211 FAG,5,3440
Lezaj UC 212 FAG,6,4510
Lezaj UCFL 204-J7 FAG,27,1670
Lezaj UCFL 205-J7 FAG,33,1970
Lezaj UCFL 206-J7 FAG,14,2370
Lezaj UCFL 207-J7 FAG,16,2770
Lezaj UCFL 208-J7 FAG,7,3200
Lezaj UCFL 209-J7 FAG,10,3730
Lezaj UCFL 210-J7 FAG,10,4330
Lezaj UCF 204-J7 FAG,8,1670
Lezaj UCF 205-J7 FAG,18,1970
Lezaj UCF 206-J7 FAG,10,2370
Lezaj UCF 207-J7 FAG,12,2770
Lezaj UCF 208-J7 FAG,9,3200
Lezaj UCF 209-J7 FAG,9,3640
Lezaj UCF 210-J7 FAG,16,4260
Lezaj UCF 211-J7 FAG,17,5650
Lezaj UCF 212-J7 FAG,3,7020
Lezaj UCT 205-J7 FAG,8,2400
Lezaj UCT 207-J7 FAG,9,3340
Lezaj UCT 208-J7 FAG,10,3930
Lezaj UCT 209-J7 FAG,4,4500
Lezaj UCT 210-J7 FAG,5,4930
Lezaj UCT 211-J7 FAG,6,5500
Lezaj UCT 212-J7 FAG,2,7940
Lezaj UCT 215-J7 FAG,5,17565
Lezaj UCFC 204-J7 FAG,25,2220
Lezaj UCFC 205-J7 FAG,12,2430
Lezaj UCFC 206-J7 FAG,8,2920
Lezaj UCFC 207-J7 FAG,8,3340
Lezaj UCFC 208-J7 FAG,10,3930
Lezaj UCFC 209-J7 FAG,4,4500
Lezaj UCFC 210-J7 FAG,6,4930
Lezaj UCFC 211-J7 FAG,3,6200
Lezaj UCP 204-J7 FAG,9,1670
Lezaj UCP 205-J7 FAG,7,1970
Lezaj UCP 206-J7 FAG,24,2370
Lezaj UCP 207-J7 FAG,6,2770
Lezaj UCP 208-J7 FAG,16,3200
Lezaj UCP 209-J7 FAG,11,3640
Lezaj UCP 210-J7 FAG,9,4260
Lezaj UCP 211-J7 FAG,13,5560
Lezaj UCP 212-J7 FAG,12,7020
Ku}i{te S-205 FKL  ,7,565
Ku}i{te S-206 FKL       ,9,650
Ku}i{te S-207 FKL       ,7,700
Ku}i{te S-208 FKL       ,5,840
Ku}i{te S-209 FKL ,3,915
Ku}i{te S-210 FKL    ,4,1125
Ku}i{te F-208 FKL       ,2,825
Ku}i{te F-209 FKL  ,3,1005
Ku}i{te F-210 FKL  ,3,1170
Ku}i{te C-205 FKL,2,210
Ku}i{te C-206 FKL,2,250
Ku}i{te C-207 FKL,2,270
Ku}i{te F-206 FKL  ,6,695
Ku}i{te F-207 FKL,18,760
Ku}i{te N-208 FKL         ,1,765
Ku}i{te N-209 FKL         ,5,915
Ku}i{te N-210 FKL         ,2,1115
Ku}i{te N-211 FKL      ,2,1000
Ku}i{te G-205 FKL      ,1,930
Lezaj Q 204 DKF,1,1440
Lezaj QJ 207 MPA FAG,3,4330
Lezaj QJ 208 MPA FAG,2,4610
Lezaj QJ 209 MPA FAG,1,4850
Lezaj QJ 212 MPA FAG,2,9090
Lezaj QJ 226 FAG     ,1,73881
Lezaj QJ 228 FAG,1,29730
Lezaj kugl. QJ 228  -      ,1,91590
Lezaj QJ 312 M FAG,7,6100
Lezaj QJ 1012 MPA FAG,2,14950
Lezaj SCE 108 INA,27,350
Lezaj SCE 228 INA,5,850
Lezaj KR 19 PP A INA,14,3065
Lezaj KR 47 PP INA,2,7375
Lezaj KRV 62 PPA INA,4,9895
Lezaj K 8x11x10 INA,1,260
Lezaj K 8x12x10 INA,1,290
Lezaj K 10x13x10 TN INA,2,260
Lezaj K 10x14x10 INA,5,310
Lezaj K 10x14x13 INA,11,310
Lezaj K 10x16x12 INA,1,460
Lezaj K 12x15x13 INA,5,330
Lezaj K 14x18x15 INA,6,410
Lezaj K 14x20x12 INA,14,570
Lezaj K 15x18x17 INA,12,500
Lezaj K 15x21x15 INA,356,570
Lezaj K 16x20x10 INA,10,250
Lezaj K 16x20x17 INA,14,410
Lezaj K 16x22x12 INA,11,560
Lezaj K 16x22x20 INA,1,650
Lezaj K 18x22x13 INA,1,470
Lezaj K 18x22x17 INA   ,1,430
Lezaj K 20x26x13 INA,2,670
Lezaj K 20x28x20 INA,2,790
Lezaj K 22x26x10 INA,1,410
Lezaj K 22x26x17 INA,5,615
Lezaj K 22x29x16 INA,5,500
Lezaj K 25x29x13 INA,5,450
Lezaj K 25x30x20 INA,2,650
Lezaj K 25x33x20 INA,4,840
Lezaj K 25x35x30 INA,4,2000
Lezaj K 26x30x22 INA,2,910
Lezaj K 30x35x17 INA,5,550
Lezaj K 38x43x17 INA,2,1000
Lezaj K 40x45x17 INA,8,640
Lezaj K 40x47x20 INA,4,880
Lezaj K 40x48x20 INA,38,1060
Lezaj K 42x47x17 INA,2,715
Lezaj K 45x50x17 INA,6,760
Lezaj K 45x50x27 INA,5,1020
Lezaj K 45x53x21 INA,5,1395
Lezaj K 45x53x28 INA,2,1440
Lezaj K 45x59x18 TN INA,19,1820
Lezaj K 47x52x17 INA,2,900
Lezaj K 50x57x18 INA,5,1220
Lezaj K 50x58x25 INA,6,1440
Lezaj K 70x78x30 INA,2,2690
Lezaj K 70x80x30 INA,2,2965
Lezaj K 75x83x23 INA,2,2990
Lezaj F 91916 INA,2,1820
Lezaj HK 0408 INA,20,280
Lezaj HK 0509 INA,17,270
Lezaj HK 0608 INA,10,270
Lezaj HK 0609 INA,12,270
Lezaj HK 0709 INA,25,270
Lezaj HK 0808 INA,27,280
Lezaj HK 0810 INA,11,280
Lezaj HK 0908 INA,16,280
Lezaj HK 0910 INA,28,280
Lezaj HK 0912 INA,14,280
Lezaj HK 1010 INA,6,280
Lezaj HK 1012 INA,15,300
Lezaj HK 1210 INA,3,300
Lezaj HK 1212 INA,4,310
Lezaj HK 1214 RS INA,1,400
Lezaj HK 1216 INA,9,480
Lezaj HK 1312 INA,8,320
Lezaj HK 1412 INA,24,330
Lezaj HK 1512 INA,5,330
Lezaj HK 1516 INA,9,350
Lezaj HK 1522 INA,2,430
Lezaj HK 1612 INA,20,340
Lezaj HK 1614 INA,7,470
Lezaj HK 1616 INA,13,360
Lezaj HK 1712 INA,12,360
Lezaj HK 1812 INA,8,360
Lezaj HK 1816 INA,15,390
Lezaj HK 2012 INA,11,370
Lezaj HK 2016 INA,4,400
Lezaj HK 2030 INA,9,610
Lezaj HK 2212 INA,2,460
Lezaj HK 2216 INA,12,420
Lezaj HK 2220 INA,13,460
Lezaj HK 2512 B INA,2,410
Lezaj HK 2516 INA,6,440
Lezaj HK 2520 INA,23,470
Lezaj HK 2526 INA,7,540
Lezaj HK 2538 INA,8,750
Lezaj HK 2820 INA,13,500
Lezaj HK 3012 INA,5,450
Lezaj HK 3016 INA,180,500
Lezaj HK 3020 INA,13,530
Lezaj HK 3026 INA,11,610
Lezaj HK 3038 INA,84,850
Lezaj HK 3512 INA,14,540
Lezaj HK 3516 INA,1,590
Lezaj HK 3520 INA,24,620
Lezaj HK 4020 INA,24,750
Lezaj HK 4520 INA,25,860
Lezaj HK 5020 HLA INA,4,1060
Lezaj HK 5025 INA,4,1070
Lezaj HK 5520 INA,2,1020
Lezaj BA 1416,3,1320
Lezaj B 3016,4,1450
Lezaj NK 6/12 INA,10,770
Lezaj NK 8/12 INA,10,770
Lezaj NK 9/12 INA,6,800
Lezaj NK 10/12 INA,4,
Lezaj NK 16/16 INA,3,960
Lezaj NK 17/16 INA,1,990
Lezaj NK 18/16 INA,4,970
Lezaj NK 18/20 INA,64,1140
Lezaj NK 20/20 INA,1,1200
Lezaj NK 25/16 INA,1,1260
Lezaj NK 25/20 INA,8,1420
Lezaj NK 30/30 INA,2,1730
Lezaj NK 32/20 INA,2,1540
Lezaj NK 37/30 INA,2,2080
Lezaj NK 42/20 INA,1,1940
Lezaj NK45/30 INA,2,2560
Lezaj NK 50/25 INA,1,2335
Lezaj NK 50/35 INA,2,3060
Lezaj NK 55/35 INA,2,3550
Lezaj NK 60/35 INA,2,4050
Lezaj NK 65/25 INA,2,3760
Lezaj NK 75/25 INA,2,5430
Lezaj NKI 9/12 INA,6,1120
Lezaj NKI 15/16 INA,5,1365
Lezaj NKI 17/16 INA,10,1580
Lezaj NKI 20/16 INA,4,1680
Lezaj NKI 20/20 INA,7,1900
Lezaj NKI 22/20 INA,5,2000
Lezaj NKI 25/20 INA,6,2060
Lezaj NKI 25/30 INA   ,10,2360
Lezaj NKI 28/30 INA ,6,2580
 Lezaj NKI 30/20 INA,8,2180
Lezaj NKI 35/20 INA,7,2560
Lezaj NKI 35/30 INA,2,3280
Lezaj NKI 38/20 INA,3,2810
Lezaj NKI 40/20 INA,2,2980
Lezaj NKI 50/25 INA,1,4130
Lezaj NKI 70/25 INA,1,7940
Lezaj NKI 90/26 INA,10,14170
Lezaj NKS 30 INA,1,2330
Lezaj NKIS 20 INA,9,2565
Lezaj NKIS 35 INA,2,4580
Lezaj NATR 10 PP INA,4,2900
Lezaj NATR 20 PP INA,2,4515
Lezaj NATR 25 PP INA,6,4950
Lezaj NATR 30 PP INA,5,6000
Lezaj NUKR 40 A INA,6,6125
Lezaj NUTR 2562 A INA,2,6125
Lezaj NKXR 30 INA,1,7310
Lezaj ZKLF 3080 2RS PE,4,28200
Lezaj NUTR 30 A INA,2,6125
Lezaj NKIB 5902 INA,6,3240
Lezaj NKIB 5912 INA,5,14820
Lezaj NKIA 5904 INA,5,3120
Lezaj NKIA 5906 INA,2,3030
Lezaj HCS 1616 INA,1,2580
Lezaj KH 1228  PP INA,10,1420
Lezaj KH 1630 PP INA,2,1615
Lezaj KH 2030 PP INA,6,1780
Lezaj 203 KRR AH02,8,1420
Lezaj KH 3050 PP INA,15,2520
Lezaj KH 5070 PP INA,6,3227
Lezaj KBO 16 PP AS INA,10,6220
Lezaj KBO 20 INA,2,5810
Lezaj KBO 30 PP INA,4,9455
Lezaj RPNA 30/47 INA,1,3550
Lezaj RPNA 40/55 INA,4,
Lezaj 943/30 GPZ,1,1008
Lezaj 943/40 GPZ,1,1210
Lezaj ZARN 2052 TV A INA,3,32990
Lezaj AXK 1024 INA,6,210
Lezaj AXK 1528 INA,10,210
Lezaj AXK 1730 INA,2,220
Lezaj AXK 2035 INA,16,230
Lezaj AXK 2542 INA,17,250
Lezaj AXK 3047 INA,10,280
Lezaj AXK 3552 INA,10,320
Lezaj AXK 4060 INA,14,350
Lezaj AXK 4565 INA,15,410
Lezaj AXK 5070 INA,11,470
Lezaj AXK 5578 INA,5,540
Lezaj AXK 6085 INA,11,650
Podlo{ka AS 1024 INA,15,55
Podlo{ka AS 1528 INA,1,55
Podlo{ka AS 2035 INA,19,55
Podlo{ka AS 2542 INA,8,70
Podlo{ka AS 3047 INA,20,80
Podlo{ka AS 3552 INA,30,90
Podlo{ka AS 4060 INA,19,150
Podlo{ka AS 4565 INA,7,150
Podlo{ka AS 5070 INA,10,170
Podlo{ka AS 5578 INA,10,190
Podlo{ka AS 6085 INA,3,230
Podlo{ka LS 3552 INA,10,525
Lezaj AXK 80105 INA,10,1710
Lezaj AXK 90120 INA,5,2250
Podlo{ka AS 80105 INA,14,460
Podlo{ka AS 90120 INA,10,660
"^aura IR 20x25x20,5",14,590
"^aura IR 25x30x20,5 INA",22,660
"^aura IR 25x30x26,5 INA",5,830
"^aura IR 30x35x20,5 INA",16,740
^aura IR 32x40x36,10,1100
"^aura IR 35x40x20,5",10,850
"^aura IR 40x45x20,5",7,940
^aura IR 40x45x30,7,1330
^aura IR 140x155x35,1,9250
Lezaj MR 63 ZZ MOS,7,432
Lezaj MR 148 ZZ MOS,4,565
Lezaj L 30 -,3,1120
Lezaj BT1 0084/Q SKF,1,9750
Zglobna glava SALKAC 12,1,600
Lezaj TMB 215X2/78 NTN,3,13512
Lezaj 36X/35BC,1,710
Lezaj 38A/35BC,1,990
Lezaj ML 5008 - MR 85 ZZ MOS,2,600
Lezaj BTH 1011 AB SKF,1,7900
Lezaj BTH 1024 C *-F 15187 SKF,1,7775
Lezaj BTH 1053 B SKF,1,14644
Lezaj BTH 1219 AB SKF,2,12890
Lezaj 633089 ,5,314
Lezaj 639175 ,1,360
Lezaj XC06536/JXC06536 TIMKEN,1,3808
Lezaj GB 10721 SO3 SNR,1,3210
Lezaj AB 12323 N RS SNR,1,950
Lezaj GB 12438 SNR,1,2397
Lezaj AB 12573 S01 SNR,2,2245
Lezaj F 16202 PFI,4,6955
Lezaj N 40000 S04H100 SNR,1,3860
Lezaj AB 40019 S07 SNR,1,2665
Le`aj GB 40250 SO1 SNR,1,4140
Lezaj GB 40574 SNR,1,1950
Lezaj FC 40784 SNR,1,9700
Lezaj AB 41386 SNR,1,1700
Lezaj 60/22 2RS ,3,1260
Lezaj 60/32 2RS ,2,1900
Lezaj RMS 13 -,2,1120
Lezaj RMS 14 -,2,1120
Lezaj MRC 113 S,2,3500
Lezaj RLS 16 -,2,1120
Lezaj RLS 20 C3,2,4500
Lezaj 62/16 2RS ,12,390
Lezaj 62/22,7,480
Lezaj 62/22/23,3,1200
Lezaj 62/28 2RS ,2,1320
Lezaj 62/32 2RS ,1,2175
Lezaj 62304 2RS/17  B 17-123 ,3,1500
Lezaj MS 13 -,1,1120
Lezaj LS 16 AC -,1,1120
Lezaj 63/22 2RS ,1,1925
Lezaj 63/28 2RS ,2,2260
Lezaj 63/32 ,1,2150
Lezaj 63/32 2RS NR,1,2765
Lezaj 6305/22 ,5,1333
Lezaj 67512 ,1,1848
Lezaj 90233XB/VQ045,2,2560
Lezaj 09067/195,3,
Lezaj 09067/195 -,70,450
Lezaj LM 102949/M 102910,2,1663
Lezaj LM 102949/M 102910 -,1,1663
Lezaj JLM 104948/LM 104910,2,2200
Lezaj 108710,8,991
Lezaj KLM 11749/LM11710 FAG,24,800
Lezaj KLM 11749/LM11710 -   ,72,350
Lezaj KLM 11949/LM11910 FAG        ,16,950
Lezaj 12175/12303,1,5230
Lezaj 12580/12520,1,3678
Lezaj KM12649/M12610 FAG    ,44,1200
Lezaj KM12649/M12610 -     ,8,450
Lezaj KLM 12749/LM12710 FAG  ,9,1400
Lezaj KLM 12749/LM12710 - ,27,450
Lezaj KLM 12749/LM12711 FAG,16,2223
Lezaj 14138A/14276,1,3385
Lezaj W 206 PP-530206,3,797
Lezaj 16150/16284,1,3950
Lezaj DG1742RSC3 ,1,2000
Lezaj  B 17-126,2,2835
Lezaj B 17-127 D,1,2185
Lezaj 18590/18520,1,2883
Lezaj SCO461CS24PX2/3A,1,1950
Lezaj JM 207049/207010,1,4920
Lezaj KHM 215249/HM 215210 FAG,4,5280
Lezaj KHM 218248/HM 218210 FAG,5,8530
Lezaj HM 220149/HM 220110,1,10110
Lezaj F-220469 INA,5,2680
Lezaj BC1B 246747 ,1,10657
Lezaj 25580/25520 ,2,2415
Lezaj 2788/2720,1,2440
Lezaj DAC 286142,1,4743
Lezaj KLM 29749/LM 29710,16,2184
Lezaj KLM 300849/LM300811,2,1750
Lezaj DAC 305532 PFI,2,5175
Lezaj 309726,2,1320
Lezaj 31593/31520,2,6014
Lezaj 316254,1,1800
Lezaj BC1B 322722 SKF,5,9436
Lezaj BT1B 328227 A/Q SKF,2,2070
Lezaj BT1B 328286 SKF,2,8538
Lezaj BT1B 328612 SKF,1,2150
Lezaj RBT1B 328915/Q SKF,1,4267
Lezaj 33281/33462.,1,4766
Lezaj 33281/33462,3,8176
Lezaj 33281/33472,1,5725
Lezaj 33889/33822  ASF,1,4680
Lezaj 33891/33821,4,4318
Lezaj 33895/33822,1,6154
Lezaj 353115 ,1,4484
Lezaj 353263 ,10,7734
Lezaj 3578/3525,2,1900
Lezaj 361914,1,1800
Lezaj 3780,17,1500
Lezaj 3780/3145,2,3000
Lezaj 39590/39520,1,6525
Lezaj 3977/3920,1,10750
Le`aj JF4049/JF4010 TIM,2,3470
Lezaj 40x68x37,1,1154
Lezaj 4154472 UTL,2,2173
Lezaj 4154870 UTL,3,2170
Lezaj BB1B 420205 SKF,8,1848
Lezaj 442327 N ,1,1064
Lezaj KL 44649/L44610,22,801
Lezaj KL 44649/L44610 -,75,381
Lezaj BB1B 446740 SKF,3,2450
Lezaj JW 4549/JW 4510 TIMKEN,1,6549
Lezaj 462/453 ,1,2000
Lezaj 462/453 X - ,5,1650
Lezaj 462/453 X  -,1,4115
Lezaj 47490/47420,1,6590
Lezaj 48286,2,1500
Lezaj 48286/48220   ,1,3000
Lezaj KLM 48548/LM48510 FAG ,13,1750
Lezaj KLM 48548/LM48510 -   ,14,525
Lezaj 500636 ,11,3125
Lezaj 500638,2,1800
Lezaj KLM 501349/LM501310 FAG,6,1700
Lezaj KLM 501349/LM501314 FAG,1,2206
Lezaj 502998 ,5,4602
Lezaj KLM 503349/LM503310 FAG,5,2700
Lezaj 506773 FAG,4,1900
Lezaj 509043 FAG,2,2900
Lezaj 509333-F15082,3,6369
Lezaj 510148 B FAG,2,4560
Lezaj 511134 FAG,2,8895
Lezaj 511135 FAG,6,1680
Lezaj 512392 FAG,8,5002
Lezaj 512533 FAG,2,2873
Lezaj 515280 FAG,2,9986
Lezaj 518713 FAG,10,8333
Lezaj 518772A -,123,400
Lezaj 518772A FAG,2,950
Lezaj 518995 FAG,4,5197
Lezaj 522380 FAG,6,3960
Lezaj 524033 FAG,5,3807
Lezaj 524850 FAG,2,6209
Lezaj 524851 A FAG,2,6664
Lezaj 524884 FAG,2,6266
Lezaj 526385 FAG,5,5734
Lezaj 527140 B FAG,2,1900
Lezaj 528546 FAG,2,2834
Lezaj 528942 FAG,2,2223
Lezaj 528983 FAG,1,8030
Lezaj 529065  FAG,4,9485
Lezaj 529084 D FAG,5,22176
Lezaj 531068 FAG,2,5953
Le`aj 533449 FAG,2,4270
Lezaj 536093 FAG,10,12277
Lezaj 536906 C FAG,1,1630
Lezaj 538367 D FAG,6,3780
Lezaj 539815 FAG,5,23556
Lezaj 540484 ,13,360
Lezaj 540484 FAG,18,1125
Lezaj 540733 ,1,1154
Lezaj 540733 CA FAG,2,2330
Lezaj 541521 C FAG,1,3800
Lezaj 544307 D FAG,1,2170
Lezaj 545495 FAG,6,2980
Lezaj 546268 FAG,2,21666
Lezaj 546467 FAG,1,2725
Lezaj 547103 E FAG,3,3750
Lezaj 548083 FAG,2,2955
Lezaj 548395 FAG,1,3289
Lezaj 554/552 A,1,3500
Lezaj F 55927 * NK 50x65x17,18,1518
Lezaj 561388 FAG,3,2895
Lezaj 561447 FAG,4,2883
Lezaj 561948 FAG,6,6948
Lezaj 562398 A FAG,2,3120
Lezaj 563809 FAG,4,9873
Lezaj 56425/56650 FAG,1,16160
Lezaj 564725 AB FAG,2,3315
Lezaj 565592 FAG,10,2705
Lezaj 566096 FAG,6,4144
Lezaj 566719 FAG,1,3240
Lezaj 566997 C FAG,11,1114
Lezaj 567171 FAG,2,41198
Lezaj 567447 B FAG,2,3850
Lezaj 572506 E FAG,6,4990
Lezaj 574566 B FAG,2,12277
Lezaj 574821 FAG,8,1288
Lezaj 575725 FAG,1,7020
Lezaj 576582 FAG,1,7200
Lezaj 576681 FAG,2,6499
Lezaj 580191 FAG,5,3653
Lezaj 580400 FAG,10,1950
Lezaj 580486 FAG,5,3528
Lezaj 581010 A FAG,6,2500
Lezaj 593/592 FAG,1,5950
Lezaj LM 603049/LM 603011 ,2,2495
Lezaj 609996 ,8,1500
Lezaj 616073 -,6,1970
Lezaj 630632 ,8,1150
Lezaj 633280 ,5,1375
Lezaj BAHB 633313 SKF,3,1565
Lezaj 635251,1,1040
Lezaj BA2B 636108-VKM 22385,4,3740
Lezaj K 6386/K 6320,1,12690
Lezaj 639058 ,1,1645
Lezaj 639154 ,1,1200
Lezaj 639194-F15023,1,1700
Lezaj 639209 -,1,1064
Lezaj 64450/64701 ,1,13877
Lezaj 663/653 ,1,8113
Lezaj KLM 67048/LM67010 FAG,11,1440
Lezaj KLM 67048/LM67010 -,6,450
Lezaj 67885/67820,1,11500
Lezaj KL 68149/L 68110 FAG,7,1440
Lezaj KL 68149/L 68110 ,26,450
Lezaj KL 68149/L68111,2,1640
Lezaj 687/672,1,10910
Lezaj JL 69349/JL69310,4,1640
Lezaj JM 720249/JM 720210,1,14476
Lezaj 800179 FAG,7,6542
Lezaj 800941 FAG,12,3707
Lezaj 801023 FAG,1,3100
Lezaj 801136 FAG,10,2920
Lezaj 801344 FAG,1,7959
Lezaj 801400 A FAG,1,10942
Lezaj 801777 FAG,5,2901
Lezaj 801785 FAG,2,13446
Lezaj 803199 FAG,4,5538
Lezaj 803631 FAG,10,4967
Lezaj 803640 FAG,3,5452
Lezaj 805409 B FAG,5,5664
Lezaj 805621 FAG,5,4609
Lezaj F 805949 ,1,2950
Lezaj 806078 FAG,5,1100
Lezaj KLM 806649/LM 806610 FAG,15,3200
Lezaj 806672,1,1500
Lezaj HM 807046/010,1,5990
Lezaj HM 807048/HM 807010,2,7879
Lezaj 807943 FAG,1,1574
Lezaj JM 822049/JM 822010   ,5,12355
Lezaj M 84548/84510,2,1765
Lezaj M 86643/M 86610 FAG,1,3355
Lezaj KM 86649/M 86610 FAG,2,2100
Lezaj M 88043/88010 FAG,1,1950
Lezaj M 88048/M 88010 B FAG,1,2520
Lezaj HM 88542/HM 88510 FAG,1,3150
Lezaj HM 88547/88510 FAG,2,3980
Lezaj HM 88648/HM 88610 FAG,1,2740
Lezaj KHM 88649/HM 88610 FAG,6,2475
Lezaj 888103,2,950
Lezaj HM 89446/HM 89410 NTN,1,3240
Lezaj KHM 89449/HM 89410 FAG,1,2890
Lezaj BAH 0011 D SKF,3,5391
Lezaj BAH 5001 A SKF,2,3900
Lezaj MU 1204 UM SNR,2,2100
Lezaj MU 1309 TM KOYO,1,12135
Lezaj BB1-3036 SKF,2,985
Lezaj BB1-3055 B SKF,1,1800
Lezaj BB1-3056 C SKF,1,1990
Lezaj BB1-3096 SKF,2,2285
Lezaj NP 428874/NP108329,1,4125
Lezaj NP 460743//NP266185,2,2945
Lezaj NP 505911/NP068792,2,4130
Lezaj NP 683345/NP119178,2,4415
Lezaj NP 692714/NP157462,1,4425
Lezaj NP 718852/NP022178,2,1560
Lezaj NP 854792/NP430273,1,2810
Lezaj NP 868033/NP666556,2,2655
Lezaj NP 925485/NP571239 ,2,3115
Lezaj 13C/11BC,2,1620
Lezaj 14C/11BC,1,2285
Lezaj VKT 1000-BB1 3155 D,1,6985
Lezaj T-113 ,1,1200
Lezaj T-126 ,5,730
Lezaj T-163 ,12,3979
Lezaj T-199 W ,1,2895
Lezaj 6+5 BC-AS,2,2030
Lezaj 6 CE+5 BC-AS,2,1410
Lezaj 877907,1,544
Lezaj 977907,1,358
Lezaj 987910,1,2778
Lezaj F 31842,3,963
Lezaj 98206              ,2,325
Lezaj SL 13,2,1810
Lezaj SL 11,10,1810
Lezaj SL 20,4,1640
Lezaj 15123/15245 -        ,131,550
Lezaj 15123/15245 ,18,1811
Lezaj SL 18 3010,2,6590
Lezaj DRUK 306775 ,1,2640
Lezaj DRUK 555.24.010,1,2453
Lezaj DRUK 560.04.010,3,2554
Lezaj DRUK  CT 1310,2,3500
Lezaj 852903/922205 K,2,930
Lezaj SL 18 2206 INA,5,7440
Lezaj SL 18 2210  A INA,5,11010
Lezaj SL 18 5010 INA,2,13795
Lezaj SL 04 5013 PP INA,2,16980
Lezaj SL 04 5016 PP -,1,23425
"Iglica 4x29,8",272,22
Krstak 22x55,2,1845
Krstak 27x75,2,2235
"Kuglica fi 3,175",20,
"Kuglica fi 5,000",30,
"Kuglica fi 6,350",170,3
"Kuglica fi 17,000",24,60
Mazalica 613-AM 6        ,981,18
Mazalica 45'-AM 6        ,45,25
Mazalica 90'-AM 6        ,20,25
Mazalica 613-AM 8        ,2687,20
Mazalica 45'-AM 8        ,45,25
Mazalica 90'-AM 8        ,20,25
Mazalica 613 AM 10,44,22
Mazalica 45'-AM 10        ,47,25
Mazalica 90'-AM 10        ,15,25
Lezaj klime 30x47x12,4,
Lezaj klime 32x55x23,1,2500
Lezaj klime 35x52x20,5,2500
Lezaj klime 35x52x22,7,2500
Lezaj klime 35x55x20,4,2500
Lezaj klime 38x54x17,1,2500
Lezaj klime 40x57x24,4,
"Lezaj klime 40x62x20,5/24",2,
Lezaj klime 40x62x24,1,2750
Lezaj klime 40x66x24,2,2500
Set VKBA 1319 SKF,1,4680
Set VKBA 1366 SKF,1,3203
Set VKBA 1458-KV 108 ASF,1,9634
Set VKBA 3413 SKF,3,2957
Set VKBA 3414 SKF,3,3573
Set VKBA 3456 SKF,1,7991
Set VKBA 3536 SKF,1,6216
Set VKBA 3614 SKF,1,3600
Set VKBA 3642 SKF,1,12522
Lezaj GIKR 14 PB INA,2,3595
Lezaj GE 15 DO,5,910
Lezaj GE 20 DO 2RS *,14,1440
Lezaj GIKR 20 PB INA,2,5460
Lezaj GE 25 ES         ,3,375
Lezaj GE 25 DO 2RS INA,19,1600
Lezaj GE 30 DO 2RS INA,20,1820
Lezaj GE 35 HO,2,1814
Lezaj GE 35 DO 2RS ,2,2220
Lezaj GE 40 DO 2RS ELGES,14,2660
Lezaj GE 42 ES 2RS,2,680
Lezaj GE 45 DO 2RS INA,12,3080
Lezaj GE 50 ES 2RS,5,1000
Lezaj GE 50 DO 2RS INA,19,3880
Lezaj GE 60 DO 2RS INA,3,5950
Lezaj GE 70 DO 2RS ELGES,4,8800
Lezaj GE 100 DO 2RS INA,2,17930
Lezaj GEH 20 ES 2RS,6,730
Lezaj GEH 25 ES 2RS,3,740
Lezaj GEH 25 ES 2RS INA,11,2060
Lezaj GEH 30 ES 2RS INA,3,2785
Lezaj GEH 35 ES 2RS INA,4,3380
Lezaj GEH 40 ES 2RS INA,7,4120
Lezaj GEH 45 ES 2RS INA,2,4740
Lezaj GEH 50 ES 2RS INA,6,7920
Lezaj GEH  60 ES  2RS INA,2,11475
Lezaj GE 30 SW INA,2,5370
Lezaj GE 110 FO 2RS ELGES,2,46650
